replay_id,rank_tier,team_color,won,avg_boost,time_zero_boost,time_offensive_third,time_defensive_third,demos_inflicted,demos_taken,shots,goals,shooting_pct
3073ec47-d6fe-4e53-ae04-900260bb8758,gold-1,blue,0,133.43,44.25,86.71,202.42,1,0,2,0,0.0
3073ec47-d6fe-4e53-ae04-900260bb8758,gold-1,orange,1,140.18,57.260002,107.63,196.49,0,1,4,4,100.0
a6f42ba3-db4a-40b3-9e93-f2f53fed78b8,gold-1,blue,0,156.11,142.11,199.45999,559.07996,2,0,7,2,28.571428
a6f42ba3-db4a-40b3-9e93-f2f53fed78b8,gold-1,orange,1,149.07,85.21001,196.94,537.53,0,2,7,3,42.857143
21512286-e7a5-402e-9558-44bc7bc70ad7,gold-1,blue,1,109.509995,170.1,187.18,580.2,1,3,6,4,66.666664
21512286-e7a5-402e-9558-44bc7bc70ad7,gold-1,orange,0,135.53,107.42,252.5,520.4,3,1,8,1,12.5
6369def8-524c-4a7d-a79f-244dd935c054,gold-1,blue,1,136.87,154.55,201.91,631.25,1,4,7,5,71.42857
6369def8-524c-4a7d-a79f-244dd935c054,gold-1,orange,0,143.23,95.149994,239.26999,543.92,4,1,8,3,37.5
4bd0a238-2153-4c2c-869f-ca52dce74040,gold-1,blue,1,158.7,83.36,257.77002,488.56,0,0,6,4,66.666664
4bd0a238-2153-4c2c-869f-ca52dce74040,gold-1,orange,0,123.81,130.59,163.93,569.76,0,0,1,0,0.0
e47dc8a8-882d-4f03-ade3-988ea18d1f74,gold-1,blue,1,139.06,102.020004,278.09,532.33,1,0,9,6,66.666664
e47dc8a8-882d-4f03-ade3-988ea18d1f74,gold-1,orange,0,143.34,207.29999,173.72,642.41003,0,1,4,4,100.0
eed3ac7c-dc2c-40e9-94bd-162050dce6ce,gold-1,blue,1,149.31,115.189995,391.97998,419.28998,1,0,10,3,30.0
eed3ac7c-dc2c-40e9-94bd-162050dce6ce,gold-1,orange,0,123.37999,291.66998,122.39,736.94006,0,1,4,2,50.0
b3bf8db1-cf7f-46fe-a23d-9a0df9d6d4ee,gold-1,blue,0,157.66,87.9,258.87,423.16998,1,0,3,0,0.0
b3bf8db1-cf7f-46fe-a23d-9a0df9d6d4ee,gold-1,orange,1,174.59,34.260002,189.38,436.32,0,1,3,1,33.333332
add80736-2ffa-440f-9aa1-2bf2ff68f295,gold-1,blue,0,142.14,167.73999,235.62999,553.54,2,1,5,2,40.0
add80736-2ffa-440f-9aa1-2bf2ff68f295,gold-1,orange,1,142.2,148.92,269.38,507.47998,1,2,5,4,80.0
6a3e35f6-c456-4f85-b0fc-5fd9fea281fe,gold-1,blue,0,146.85,136.98,352.93002,499.38998,0,2,8,2,25.0
6a3e35f6-c456-4f85-b0fc-5fd9fea281fe,gold-1,orange,1,147.19,116.950005,231.34001,776.91,2,0,5,3,60.0
7fe20973-ae42-41e8-9172-76af3c3d236a,gold-1,blue,1,130.79001,187.08,238.65,565.23004,0,2,8,7,87.5
7fe20973-ae42-41e8-9172-76af3c3d236a,gold-1,orange,0,155.53,119.100006,217.94,641.83,2,0,8,4,50.0
db448d10-793a-4a33-aaea-6a44160691d8,gold-1,blue,0,165.73001,16.93,17.53,84.22,1,0,1,0,0.0
db448d10-793a-4a33-aaea-6a44160691d8,gold-1,orange,1,125.7,36.72,70.26,146.06,0,1,3,3,100.0
ee0d7d48-1a9f-4329-ab61-868e78fe6bf7,gold-1,blue,0,164.22,44.199997,98.66,509.81,0,0,1,1,100.0
ee0d7d48-1a9f-4329-ab61-868e78fe6bf7,gold-1,orange,1,145.9,78.39,249.73999,321.2,0,0,7,4,57.142857
430d358e-2ad9-4c1a-b435-a61ff6404307,gold-1,blue,0,106.189995,195.64,145.44,552.5,0,4,2,1,50.0
430d358e-2ad9-4c1a-b435-a61ff6404307,gold-1,orange,1,154.43001,122.2,245.56,426.36,4,0,6,5,83.333336
07512dc8-4c67-4a33-91db-40804aa3470c,gold-1,blue,1,145.44,22.900002,85.229996,156.55,0,1,6,4,66.666664
07512dc8-4c67-4a33-91db-40804aa3470c,gold-1,orange,0,145.0,30.880001,30.11,214.92,1,0,1,0,0.0
dcdd69c4-c4d7-4993-88a7-c7115ced9822,gold-1,blue,1,129.02,197.01001,275.86,586.75,3,2,11,8,72.72727
dcdd69c4-c4d7-4993-88a7-c7115ced9822,gold-1,orange,0,147.6,168.97,150.15,759.16003,2,3,7,3,42.857143
39d0d2da-e375-4a1c-973d-22da7dd1b2bb,gold-1,blue,0,141.08,99.21,72.46001,588.15,3,0,1,0,0.0
39d0d2da-e375-4a1c-973d-22da7dd1b2bb,gold-1,orange,1,166.36,69.6,278.82,278.41,0,3,9,3,33.333332
7292307b-aeb1-4cc4-971c-2542b78f5eda,gold-1,blue,1,160.59,132.70999,281.3,432.68,7,0,7,2,28.571428
7292307b-aeb1-4cc4-971c-2542b78f5eda,gold-1,orange,0,123.58,136.05,132.12,607.2,0,7,2,1,50.0
e066f677-dbad-4deb-8197-8d38c38b55e5,gold-1,blue,1,108.11,231.85,224.81,501.27002,0,1,4,2,50.0
e066f677-dbad-4deb-8197-8d38c38b55e5,gold-1,orange,0,152.43001,86.62,201.81999,417.58002,1,0,5,1,20.0
66df78cd-c494-4bcc-8d60-aa9c55bbb655,gold-1,blue,1,172.44,32.8,133.70999,420.31998,1,2,6,3,50.0
66df78cd-c494-4bcc-8d60-aa9c55bbb655,gold-1,orange,0,150.95,61.989998,232.87,500.34003,2,1,6,2,33.333332
ce2375c7-33ab-466d-ad27-783d3ebca94a,gold-1,blue,0,156.36,115.39,161.63,579.61,0,3,5,1,20.0
ce2375c7-33ab-466d-ad27-783d3ebca94a,gold-1,orange,1,152.19,65.82,218.74,439.68,3,0,4,4,100.0
9d4626d0-d87b-4d59-8c03-b4fa20cc0154,gold-1,blue,0,173.43,69.39,258.53,444.34998,4,1,4,1,25.0
9d4626d0-d87b-4d59-8c03-b4fa20cc0154,gold-1,orange,1,140.83,136.78,158.56,536.5,1,4,6,3,50.0
b8ecb93a-31dd-4688-b395-b9007ae0cc6e,gold-1,blue,1,167.82,152.53,302.84,574.62,2,2,10,3,30.0
b8ecb93a-31dd-4688-b395-b9007ae0cc6e,gold-1,orange,0,142.86,113.700005,229.85,674.61,2,2,4,2,50.0
ea1cd724-b17d-430f-b312-93a76188a9a0,gold-1,blue,1,142.85,162.5,252.91,543.89,2,2,6,6,100.0
ea1cd724-b17d-430f-b312-93a76188a9a0,gold-1,orange,0,144.66,85.44,233.10999,529.44006,2,2,5,1,20.0
255575df-b783-4e53-9941-986806fdc31f,gold-1,blue,0,135.18,172.54999,208.20001,564.17,0,2,5,1,20.0
255575df-b783-4e53-9941-986806fdc31f,gold-1,orange,1,151.20999,107.69,298.97998,464.69,2,0,9,5,55.555557
d81507cc-241b-4b63-a6b6-99a9dfd4454f,gold-1,blue,0,131.45999,172.69,258.28,485.55,2,2,1,1,100.0
d81507cc-241b-4b63-a6b6-99a9dfd4454f,gold-1,orange,1,149.11,129.84,193.36002,628.67004,2,2,7,4,57.142857
6ef43980-b165-4979-8cd3-375593df0538,gold-1,blue,1,135.83,65.600006,320.13,430.71,2,1,15,7,46.666668
6ef43980-b165-4979-8cd3-375593df0538,gold-1,orange,0,155.88,49.14,140.7,361.02002,1,2,0,0,0.0
80641159-42f2-420d-8e4e-0b53e36262c0,gold-1,blue,1,154.92,102.08,137.41,613.51,2,1,5,3,60.0
80641159-42f2-420d-8e4e-0b53e36262c0,gold-1,orange,0,154.26001,76.75,243.17,431.0,1,2,4,1,25.0
b8c196fe-9cef-485b-9978-756ec3f3dcbf,gold-1,blue,0,178.95,41.22,82.97,491.35004,2,1,2,1,50.0
b8c196fe-9cef-485b-9978-756ec3f3dcbf,gold-1,orange,1,169.12,78.65,225.94,343.47998,1,2,7,3,42.857143
b6f5242d-b087-47e3-ba40-16e661f36512,gold-1,blue,0,133.5,99.33,203.52,590.11,3,1,3,3,100.0
b6f5242d-b087-47e3-ba40-16e661f36512,gold-1,orange,1,137.92,134.81,255.45001,462.43997,1,3,7,4,57.142857
d1df681c-d3ae-4519-8101-5f4731be9ea6,gold-1,blue,1,167.52,75.83,106.490005,388.15997,1,3,6,3,50.0
d1df681c-d3ae-4519-8101-5f4731be9ea6,gold-1,orange,0,150.0,68.22,87.14,242.97,3,1,3,0,0.0
ea9341b4-d741-4a7c-8419-083b834fd55b,gold-1,blue,1,130.62999,80.740005,149.16,444.31,1,0,8,6,75.0
ea9341b4-d741-4a7c-8419-083b834fd55b,gold-1,orange,0,144.98,105.759995,145.81,400.99997,0,1,2,1,50.0
780d1628-4b4c-421f-8fb2-28880a3829b2,gold-1,blue,0,131.94,138.82,119.03999,649.86,2,5,4,2,50.0
780d1628-4b4c-421f-8fb2-28880a3829b2,gold-1,orange,1,142.11,89.329994,216.72,540.41003,5,2,6,3,50.0
3891d6dd-3f65-411c-95b4-7c2bc7247499,gold-1,blue,0,129.38,184.87,125.22,670.45996,2,2,3,1,33.333332
3891d6dd-3f65-411c-95b4-7c2bc7247499,gold-1,orange,1,149.53,110.25,309.45,387.16003,2,2,2,2,100.0
3c2f42e9-af43-444d-b5c7-ea577b7661df,gold-1,blue,0,168.68,146.57,179.39,553.13,2,2,5,2,40.0
3c2f42e9-af43-444d-b5c7-ea577b7661df,gold-1,orange,1,143.75,135.83,221.8,499.22998,2,2,5,3,60.0
43ae7396-3d79-4d52-83e1-136a33d47f0d,gold-1,blue,0,117.34,20.2,15.530001,115.31999,0,0,0,0,0.0
43ae7396-3d79-4d52-83e1-136a33d47f0d,gold-1,orange,1,139.12,17.939999,37.46,78.71001,0,0,3,3,100.0
4989dbd5-4557-459d-9433-882f17da548b,gold-1,blue,0,123.23,245.76,141.26999,578.55,0,1,2,1,50.0
4989dbd5-4557-459d-9433-882f17da548b,gold-1,orange,1,156.07,128.61,382.24002,307.03,1,0,5,3,60.0
5e768899-ee7a-4d1b-b373-2d214dc7b919,gold-1,blue,1,145.04,111.75,242.57,447.68,0,2,4,2,50.0
5e768899-ee7a-4d1b-b373-2d214dc7b919,gold-1,orange,0,156.63,88.28,165.86,560.12,2,0,1,1,100.0
bcecfa9f-2f94-4e23-918d-9f4da3d1d798,gold-1,blue,1,142.77,147.13,304.63998,387.0,0,0,6,3,50.0
bcecfa9f-2f94-4e23-918d-9f4da3d1d798,gold-1,orange,0,149.87,72.53,106.880005,599.38,0,0,2,1,50.0
a0493023-b32a-4c3a-9c17-510766168c0d,gold-1,blue,1,142.64,183.13,253.92,468.78998,5,0,7,3,42.857143
a0493023-b32a-4c3a-9c17-510766168c0d,gold-1,orange,0,123.25,131.26,221.4,523.89,0,5,0,0,0.0
1e19519c-8e4e-4e11-a3c1-efc63bb1bed1,gold-1,blue,0,177.67001,117.130005,95.91,501.94,0,1,0,0,0.0
1e19519c-8e4e-4e11-a3c1-efc63bb1bed1,gold-1,orange,1,129.26,208.40001,242.19,406.24,1,0,4,1,25.0
73b020dd-47ee-45e4-9168-26d3832776a4,gold-1,blue,1,132.70999,82.37,142.66,258.51,2,0,5,3,60.0
73b020dd-47ee-45e4-9168-26d3832776a4,gold-1,orange,0,158.95001,41.58,93.95999,307.81,0,2,1,0,0.0
6d1acb99-8ee2-4fa2-abd1-637bec141f1b,gold-1,blue,1,143.79999,134.17,341.85,352.83,0,1,7,2,28.571428
6d1acb99-8ee2-4fa2-abd1-637bec141f1b,gold-1,orange,0,161.87,47.29,155.75,561.74,1,0,2,0,0.0
21e6ea56-ae45-407f-8110-bab52dbe7351,gold-1,blue,0,149.64,108.590004,278.97998,410.55,3,1,3,1,33.333332
21e6ea56-ae45-407f-8110-bab52dbe7351,gold-1,orange,1,129.02,185.95999,176.45,532.17,1,3,6,3,50.0
9d6ba6dd-705b-447e-a638-3a1e74f8f35f,gold-1,blue,1,140.73001,182.84,272.55002,428.67,5,1,5,2,40.0
9d6ba6dd-705b-447e-a638-3a1e74f8f35f,gold-1,orange,0,146.74,144.94,141.76,607.03,1,5,2,1,50.0
3293fe1e-3d2c-4b5c-90a0-c61d71067a93,gold-1,blue,1,178.03,35.75,110.28,393.06,3,0,8,3,37.5
3293fe1e-3d2c-4b5c-90a0-c61d71067a93,gold-1,orange,0,138.98001,65.16,133.72,398.76,0,3,5,2,40.0
33a5f48b-3871-4fd2-9869-1ff5286b2b33,gold-1,blue,1,128.52,159.12,193.22,599.43005,2,0,5,3,60.0
33a5f48b-3871-4fd2-9869-1ff5286b2b33,gold-1,orange,0,157.25,111.41,305.49,440.41998,0,2,6,2,33.333332
abc65f0f-0445-4941-9f9f-80be2d26362c,gold-1,blue,1,149.0,112.329994,205.24,468.22998,1,1,4,4,100.0
abc65f0f-0445-4941-9f9f-80be2d26362c,gold-1,orange,0,153.79,136.66,210.84,483.58997,1,1,3,1,33.333332
f7f96ee3-c78b-4516-87d3-95da27e848ed,gold-1,blue,1,153.9,70.18,105.78,585.13,1,2,11,6,54.545456
f7f96ee3-c78b-4516-87d3-95da27e848ed,gold-1,orange,0,100.23,213.76001,274.82,502.32,2,1,7,3,42.857143
0c9de263-b3f0-4f71-aa68-e55a671c1b49,gold-1,blue,1,167.98999,94.240005,222.69,533.75,0,0,6,3,50.0
0c9de263-b3f0-4f71-aa68-e55a671c1b49,gold-1,orange,0,162.05,65.01,134.51,620.77,0,0,4,2,50.0
3c43af39-c7a6-4923-891e-01ec7a9e10bc,gold-1,blue,0,139.42,92.31,169.92,369.55,1,0,5,1,20.0
3c43af39-c7a6-4923-891e-01ec7a9e10bc,gold-1,orange,1,123.79,114.020004,147.01001,392.87,0,1,5,5,100.0
ff74ae0b-a7fe-46f7-92dc-0d89be347ae7,gold-1,blue,1,149.39,158.82,128.95,523.24,0,1,5,4,80.0
ff74ae0b-a7fe-46f7-92dc-0d89be347ae7,gold-1,orange,0,111.46001,237.45001,211.13,377.48,1,0,4,1,25.0
ea118583-e39a-42cf-8dcf-30ba09ffb148,gold-1,blue,1,142.27,252.22,284.27002,615.68,0,3,10,2,20.0
ea118583-e39a-42cf-8dcf-30ba09ffb148,gold-1,orange,0,139.97,223.91,214.54001,820.76996,3,0,5,1,20.0
9caaaff0-22d9-425c-b54f-18dec05d26a2,gold-1,blue,1,137.12,156.79001,341.88,506.0,0,1,9,3,33.333332
9caaaff0-22d9-425c-b54f-18dec05d26a2,gold-1,orange,0,137.57,246.5,135.94,774.17004,1,0,4,2,50.0
8c7e374e-c694-4409-961d-920ef0a1cddd,gold-1,blue,1,146.37,159.01999,195.31999,555.5,2,1,5,3,60.0
8c7e374e-c694-4409-961d-920ef0a1cddd,gold-1,orange,0,159.76001,108.22,162.72,541.77,1,2,1,0,0.0
c0fc3368-f2a9-4b88-9717-ea1a0154e4a0,gold-1,blue,1,149.36002,117.03,244.91,473.72998,2,1,7,3,42.857143
c0fc3368-f2a9-4b88-9717-ea1a0154e4a0,gold-1,orange,0,139.54001,164.92,98.23,620.28,1,2,3,1,33.333332
8178023d-dec5-4929-b91e-1c056f4769f6,gold-1,blue,1,142.5,183.24,287.99,326.75,0,1,5,4,80.0
8178023d-dec5-4929-b91e-1c056f4769f6,gold-1,orange,0,153.03,98.1,142.01999,524.51,1,0,1,0,0.0
36c1e865-adce-47f2-b744-3a2ba1b2f01e,gold-1,blue,0,124.740005,165.58,118.829994,495.26996,0,2,3,1,33.333332
36c1e865-adce-47f2-b744-3a2ba1b2f01e,gold-1,orange,1,148.01001,70.03,261.65,366.14,2,0,6,5,83.333336
c90b2fb8-ad87-4802-8f52-761455380c58,gold-1,blue,0,96.200005,295.07,103.130005,776.0,1,0,0,1,0.0
c90b2fb8-ad87-4802-8f52-761455380c58,gold-1,orange,1,136.55,144.92001,385.07,471.47,0,1,11,9,81.818184
3aaca121-b0ff-4831-b5b9-91c471dbbeac,gold-1,blue,1,120.64,176.59,310.83002,476.96997,2,2,9,5,55.555557
3aaca121-b0ff-4831-b5b9-91c471dbbeac,gold-1,orange,0,145.33,164.54999,149.88,722.69995,2,2,4,4,100.0
2b976f02-3e61-4681-9d2e-eaa8a8d6389b,gold-1,blue,0,130.77,158.56,156.98999,651.52,2,1,5,4,80.0
2b976f02-3e61-4681-9d2e-eaa8a8d6389b,gold-1,orange,1,148.01999,106.58,234.07,586.75,1,2,11,7,63.636364
6b26650a-1268-4be8-ab87-86f4476be671,gold-1,blue,0,169.20001,62.69,197.81,527.49,0,0,4,1,25.0
6b26650a-1268-4be8-ab87-86f4476be671,gold-1,orange,1,126.14,313.48,277.41,454.46002,0,0,4,2,50.0
305c4380-ac8a-4d10-9f49-402ffe8b8b04,gold-1,blue,1,152.79001,9.53,65.990005,108.93001,0,1,2,1,50.0
305c4380-ac8a-4d10-9f49-402ffe8b8b04,gold-1,orange,0,191.82,24.91,48.71,135.42,1,0,0,0,0.0
19711ee0-45da-4e7e-b94e-2d13f52ffa46,gold-1,blue,0,143.51001,132.1,177.51,581.57,3,1,4,2,50.0
19711ee0-45da-4e7e-b94e-2d13f52ffa46,gold-1,orange,1,135.79001,149.22,300.52002,446.34998,1,3,9,3,33.333332
d344bc41-3f14-4fd3-96be-d628ec1c561f,gold-1,blue,1,129.15,147.1,205.56,548.87,1,1,4,3,75.0
d344bc41-3f14-4fd3-96be-d628ec1c561f,gold-1,orange,0,159.9,191.87,233.73999,484.87,1,1,6,2,33.333332
74926e24-b2da-4bce-b8b9-399b227505f3,gold-1,blue,0,146.41,219.28,253.43001,760.31,1,4,3,1,33.333332
74926e24-b2da-4bce-b8b9-399b227505f3,gold-1,orange,1,144.35,244.34,352.91,645.39,4,1,10,2,20.0
56b76759-dc39-4ba0-bffe-c044d9e0f02d,gold-1,blue,1,125.979996,174.73,238.07999,519.93005,0,3,8,6,75.0
56b76759-dc39-4ba0-bffe-c044d9e0f02d,gold-1,orange,0,117.549995,343.64,146.38,632.99,3,0,3,2,66.666664
87e27f65-6455-4131-bead-e96070ff93f2,gold-1,blue,1,162.11,70.53,280.45,448.49,3,0,8,5,62.5
87e27f65-6455-4131-bead-e96070ff93f2,gold-1,orange,0,123.619995,179.83,146.24,607.48,0,3,5,3,60.0
d36c03b3-0427-40c1-882a-a6a76b928d1b,gold-1,blue,0,117.409996,140.61,172.32,474.16,1,2,2,1,50.0
d36c03b3-0427-40c1-882a-a6a76b928d1b,gold-1,orange,1,139.95,197.31,245.26999,430.94,2,1,9,4,44.444443
3712ed8b-402e-43f9-a5ec-1f18e7479c00,gold-1,blue,1,134.64,98.869995,151.09,273.07,1,1,4,4,100.0
3712ed8b-402e-43f9-a5ec-1f18e7479c00,gold-1,orange,0,133.32999,109.17,110.88,357.02,1,1,1,1,100.0
e1a3932a-e558-4d01-ada5-91680e1a448d,gold-1,blue,0,158.69,106.85,220.38998,744.18,1,2,6,4,66.666664
e1a3932a-e558-4d01-ada5-91680e1a448d,gold-1,orange,1,141.42,108.979996,198.05002,682.48,2,1,9,5,55.555557
0edc62eb-a3a5-440a-aaf0-6334cb04adbc,gold-1,blue,1,151.95,84.0,233.0,600.74005,1,2,9,6,66.666664
0edc62eb-a3a5-440a-aaf0-6334cb04adbc,gold-1,orange,0,110.46001,250.39001,231.59999,594.92,2,1,6,3,50.0
f003afc5-3cc4-451d-ae3d-817c779738b9,gold-1,blue,0,143.68,193.45001,143.67001,556.98,0,2,0,0,0.0
f003afc5-3cc4-451d-ae3d-817c779738b9,gold-1,orange,1,147.45,118.79,351.28998,364.03998,2,0,8,3,37.5
68440a3f-b8b1-4af0-a77a-c9defde9e721,gold-1,blue,0,127.34,136.85,146.05,511.62,0,0,2,2,100.0
68440a3f-b8b1-4af0-a77a-c9defde9e721,gold-1,orange,1,150.37,112.25,269.18,375.19,0,0,9,4,44.444443
e158f11e-e10c-49f0-9bc2-773cb2b290bd,gold-1,blue,1,123.28,200.41,119.98,651.89,2,2,6,5,83.333336
e158f11e-e10c-49f0-9bc2-773cb2b290bd,gold-1,orange,0,115.15,199.56,303.0,437.86,2,2,5,2,40.0
f921e80d-add6-40d4-9d13-f229e5be2035,gold-1,blue,1,145.73999,156.87,176.20999,580.56,2,2,2,2,100.0
f921e80d-add6-40d4-9d13-f229e5be2035,gold-1,orange,0,151.45999,126.5,226.41,474.06,2,2,4,1,25.0
9f3fec07-a20a-43b2-bbc0-e4751a62fcf3,gold-1,blue,0,112.74,263.41,262.94,511.07,1,2,6,2,33.333332
9f3fec07-a20a-43b2-bbc0-e4751a62fcf3,gold-1,orange,1,162.42,65.600006,225.37001,613.67004,2,1,5,3,60.0
067fdf64-077d-4d57-a57a-dce4239cc794,gold-1,blue,0,106.96,162.31,163.62999,487.63,2,1,4,1,25.0
067fdf64-077d-4d57-a57a-dce4239cc794,gold-1,orange,1,160.81999,127.560005,299.44,451.61,1,2,9,3,33.333332
5b84f818-6dc4-4653-84ad-e15a41989d7a,gold-1,blue,1,173.26001,74.97,206.12,433.53,0,0,4,3,75.0
5b84f818-6dc4-4653-84ad-e15a41989d7a,gold-1,orange,0,127.44,169.95999,175.16,569.24,0,0,1,1,100.0
0460eac8-d428-4f4b-a7c1-735a4836ff6e,gold-1,blue,1,128.76001,126.5,304.49,430.38,2,2,3,3,100.0
0460eac8-d428-4f4b-a7c1-735a4836ff6e,gold-1,orange,0,157.61,86.28,150.77,635.08997,2,2,3,2,66.666664
957d05eb-bd98-4b67-b409-07b2b1cf0d1d,gold-1,blue,0,120.979996,183.68,230.58,484.45,2,1,2,0,0.0
957d05eb-bd98-4b67-b409-07b2b1cf0d1d,gold-1,orange,1,139.37,172.22,261.35,468.97998,1,2,6,4,66.666664
f64f4ca3-433f-4cc3-b302-be988791192e,gold-1,blue,1,137.84,115.45,255.97998,622.32,0,2,13,10,76.92308
f64f4ca3-433f-4cc3-b302-be988791192e,gold-1,orange,0,125.350006,183.28,256.6,646.67004,2,0,4,1,25.0
7fc6f741-b52e-40b1-9d12-9868fa745481,gold-1,blue,1,135.99,98.94,272.18,536.57,1,0,7,5,71.42857
7fc6f741-b52e-40b1-9d12-9868fa745481,gold-1,orange,0,138.15,186.20999,183.59,638.41,0,1,4,2,50.0
e9feaa5a-556f-4989-a0bf-a04e5cf984f6,gold-1,blue,0,145.39,215.85,244.23999,590.5,3,2,8,3,37.5
e9feaa5a-556f-4989-a0bf-a04e5cf984f6,gold-1,orange,1,130.67001,182.67,181.85,581.87,2,3,6,5,83.333336
dcdb91fb-268a-490c-bea2-f5a9c753cafc,gold-1,blue,0,164.78,153.18,254.18,450.94,4,0,5,1,20.0
dcdb91fb-268a-490c-bea2-f5a9c753cafc,gold-1,orange,1,106.46001,199.08,142.23001,578.77,0,4,5,3,60.0
a7b0c8c9-4c8a-4e26-bec5-b628a8be794e,gold-1,blue,1,136.07,104.54,228.57,404.82,1,1,7,3,42.857143
a7b0c8c9-4c8a-4e26-bec5-b628a8be794e,gold-1,orange,0,137.54999,152.61,200.53,406.68,1,1,3,1,33.333332
adc0ec1c-3689-40a0-be41-74f58b4dd4b0,gold-1,blue,1,138.12,176.67,195.17,787.09,3,4,4,4,100.0
adc0ec1c-3689-40a0-be41-74f58b4dd4b0,gold-1,orange,0,147.31,168.09,347.07,549.19995,4,3,8,3,37.5
c5e91a51-e570-41b5-a349-004388040823,gold-1,blue,0,138.85,238.61002,151.22,727.26,1,2,2,1,50.0
c5e91a51-e570-41b5-a349-004388040823,gold-1,orange,1,171.28,101.14,457.91998,378.65,2,1,9,2,22.222221
2d9a08f4-4169-41a5-af01-086fe05662e9,gold-1,blue,1,126.130005,134.72,256.07,506.71,2,2,4,5,125.0
2d9a08f4-4169-41a5-af01-086fe05662e9,gold-1,orange,0,146.04001,101.77,226.95001,583.73,2,2,4,0,0.0
6e934e93-c5ed-4bc6-9c8d-55b3e84623c4,gold-1,blue,1,152.34,212.52,208.35,484.22998,2,2,4,2,50.0
6e934e93-c5ed-4bc6-9c8d-55b3e84623c4,gold-1,orange,0,130.55,149.65,225.88998,498.83002,2,2,3,0,0.0
929b31bf-22ad-45b2-aa84-323992e02101,gold-1,blue,0,160.63,97.42999,144.85,594.56,0,2,5,1,20.0
929b31bf-22ad-45b2-aa84-323992e02101,gold-1,orange,1,159.85,123.05,283.49,459.39,2,0,6,3,50.0
330cb7ac-7219-49fd-8f72-e63cecd84a4d,gold-1,blue,0,154.62001,51.33,94.28,376.82,0,0,3,0,0.0
330cb7ac-7219-49fd-8f72-e63cecd84a4d,gold-1,orange,1,154.64,53.870003,156.11,264.44,0,0,4,3,75.0
77fb3afd-4e7d-493d-af22-22819d357747,gold-1,blue,0,162.48,75.64,241.09001,464.16998,1,2,7,1,14.285714
77fb3afd-4e7d-493d-af22-22819d357747,gold-1,orange,1,182.2,38.08,155.01999,559.96,2,1,3,3,100.0
d611079f-4978-4f00-9693-605830060f07,gold-1,blue,1,122.15,132.63,240.87,552.15,2,0,9,4,44.444443
d611079f-4978-4f00-9693-605830060f07,gold-1,orange,0,169.39,93.77,212.23001,586.07996,0,2,6,3,50.0
7cff9f12-b7c8-482e-a868-ba308e618c04,gold-1,blue,0,147.48,164.18001,246.08998,543.71,1,2,4,1,25.0
7cff9f12-b7c8-482e-a868-ba308e618c04,gold-1,orange,1,138.95999,90.36,232.26001,353.58,2,1,10,5,50.0
ce600695-7594-41ef-85ed-b5fae267a68b,gold-1,blue,0,133.92,12.08,5.91,99.009995,0,0,0,0,0.0
ce600695-7594-41ef-85ed-b5fae267a68b,gold-1,orange,1,118.84,14.25,45.269997,80.71,0,0,1,1,100.0
349083d7-15f5-4c6e-a47f-e9596dedfaa6,gold-1,blue,0,161.54001,40.67,196.9,373.3,0,0,6,0,0.0
349083d7-15f5-4c6e-a47f-e9596dedfaa6,gold-1,orange,1,159.23,116.42,114.98,460.59,0,0,8,4,50.0
34fed4cc-1859-4bf6-b66e-265eec209610,gold-1,blue,0,168.41,62.28,98.46,304.49002,0,1,2,0,0.0
34fed4cc-1859-4bf6-b66e-265eec209610,gold-1,orange,1,149.66,82.850006,142.09,305.94,1,0,5,4,80.0
87dbfa63-5135-482a-9365-cc0577aba447,gold-1,blue,0,174.76999,88.990005,249.62,449.28998,1,0,5,1,20.0
87dbfa63-5135-482a-9365-cc0577aba447,gold-1,orange,1,135.5,78.03,233.93,466.62,0,1,5,2,40.0
f17c46f1-6be1-4ade-b2be-f04809770319,gold-1,blue,0,116.3,113.51,62.44,424.08,1,0,2,1,50.0
f17c46f1-6be1-4ade-b2be-f04809770319,gold-1,orange,1,144.14,44.05,144.69,281.19,0,1,4,5,125.0
41ee3e78-1656-4e7f-b99f-9c43084a32a4,platinum-1,blue,1,144.01,104.82,205.57,504.26,2,2,6,2,33.333332
41ee3e78-1656-4e7f-b99f-9c43084a32a4,platinum-1,orange,0,163.05,71.07,155.29999,495.55,2,2,1,0,0.0
d4ddf34f-ac07-424e-80d3-29a7f154a54a,platinum-1,blue,0,166.57,96.93,173.20999,567.58997,1,2,4,2,50.0
d4ddf34f-ac07-424e-80d3-29a7f154a54a,platinum-1,orange,1,149.74,200.96,218.58,515.06,2,1,8,3,37.5
2d629ba3-990b-4df4-a107-10ef4e1656b8,platinum-1,blue,1,163.26,112.979996,352.68002,804.58997,3,3,12,3,25.0
2d629ba3-990b-4df4-a107-10ef4e1656b8,platinum-1,orange,0,170.9,105.100006,318.95,849.25,3,3,6,2,33.333332
0c77fe62-f45c-489f-8152-ef20f9783e39,platinum-1,blue,0,178.36,57.0,158.81,659.04004,0,1,6,2,33.333332
0c77fe62-f45c-489f-8152-ef20f9783e39,platinum-1,orange,1,155.98,71.63,227.18001,584.44,1,0,9,3,33.333332
a947e99b-9db5-457e-b21d-cdaf2ac0bdd1,platinum-1,blue,1,189.16,66.1,213.21,476.55,3,2,2,2,100.0
a947e99b-9db5-457e-b21d-cdaf2ac0bdd1,platinum-1,orange,0,154.42,83.62,229.37,485.69,2,3,6,1,16.666666
c8a539dc-a5ff-4472-9e39-26595ebc761f,platinum-1,blue,1,135.75,130.95,192.11,615.34,2,1,10,5,50.0
c8a539dc-a5ff-4472-9e39-26595ebc761f,platinum-1,orange,0,139.53,129.2,245.1,572.97,1,2,11,3,27.272728
84a77892-1888-422d-a617-9694eab8a7e4,platinum-1,blue,1,156.94,124.02,250.35,635.45996,6,5,6,2,33.333332
84a77892-1888-422d-a617-9694eab8a7e4,platinum-1,orange,0,156.67,169.85,280.06,622.75,5,6,2,1,50.0
1cc80698-3ed4-4623-b2c3-c33b6fa2e1bb,platinum-1,blue,0,148.11,119.990005,174.46999,582.61,1,1,8,2,25.0
1cc80698-3ed4-4623-b2c3-c33b6fa2e1bb,platinum-1,orange,1,133.68001,153.69,225.04001,497.49,1,1,8,3,37.5
f890dae6-5c8c-419b-a58e-bc6ada759c8a,platinum-1,blue,1,144.9,123.560005,189.18,564.16003,3,1,7,4,57.142857
f890dae6-5c8c-419b-a58e-bc6ada759c8a,platinum-1,orange,0,152.34,112.74,140.16,641.39,1,3,5,3,60.0
fc693bed-ab45-4bcf-95b2-aaa3ddae2db2,platinum-1,blue,0,115.58,215.06999,232.00002,498.56998,3,2,4,2,50.0
fc693bed-ab45-4bcf-95b2-aaa3ddae2db2,platinum-1,orange,1,151.63,205.54999,230.12,516.61,2,3,6,4,66.666664
d5d86a0b-74d8-4e77-b817-c21245e06c42,platinum-1,blue,0,144.03,80.979996,150.11,664.02,2,0,3,3,100.0
d5d86a0b-74d8-4e77-b817-c21245e06c42,platinum-1,orange,1,131.81,140.01999,263.57,498.51,0,2,9,4,44.444443
08337a33-d369-480d-a888-9d05f942bb17,platinum-1,blue,1,143.0,127.520004,185.51001,495.40002,1,0,8,5,62.5
08337a33-d369-480d-a888-9d05f942bb17,platinum-1,orange,0,168.82,89.119995,136.66,535.16003,0,1,2,2,100.0
741914c7-03a8-4686-b0ed-c66bf936419c,platinum-1,blue,1,150.73999,101.850006,264.68,509.58002,1,6,7,4,57.142857
741914c7-03a8-4686-b0ed-c66bf936419c,platinum-1,orange,0,133.36,84.7,158.94,639.1,6,1,4,3,75.0
894c2f05-09fb-4c41-afd0-f103b16ccec5,platinum-1,blue,1,152.31,125.92999,132.17,644.6,1,3,5,3,60.0
894c2f05-09fb-4c41-afd0-f103b16ccec5,platinum-1,orange,0,168.51,71.39,247.22,475.26,3,1,8,2,25.0
96c74fc7-fe57-464d-bed1-fb11a6fedda9,platinum-1,blue,1,156.67,82.04,196.84,329.68,1,0,6,5,83.333336
96c74fc7-fe57-464d-bed1-fb11a6fedda9,platinum-1,orange,0,144.25,72.19,54.45,498.17,0,1,2,2,100.0
241cc81f-b9d3-45c6-8362-c621eb297d25,platinum-1,blue,0,129.78,104.81,155.27,651.27,1,2,5,3,60.0
241cc81f-b9d3-45c6-8362-c621eb297d25,platinum-1,orange,1,150.91,107.770004,273.39,558.57,2,1,10,4,40.0
133478c5-4b2c-4c8c-beb6-eb03e45f763f,platinum-1,blue,1,161.43,25.38,27.31,234.65,0,3,3,3,100.0
133478c5-4b2c-4c8c-beb6-eb03e45f763f,platinum-1,orange,0,147.73,37.58,84.97,154.1,3,0,2,0,0.0
cb66720c-9d24-4cbd-a41a-4ca22b26f5c5,platinum-1,blue,0,148.45,123.35,211.07,544.32,2,4,5,2,40.0
cb66720c-9d24-4cbd-a41a-4ca22b26f5c5,platinum-1,orange,1,163.19,54.56,149.82999,630.45,4,2,7,5,71.42857
d7572466-fa59-4b37-a862-3be56b135005,platinum-1,blue,1,151.78,83.79,240.32,416.28,1,5,5,2,40.0
d7572466-fa59-4b37-a862-3be56b135005,platinum-1,orange,0,149.08,132.16,171.59,511.52002,5,1,5,0,0.0
0f94b70b-f84b-4751-bda8-06c4e4d1e169,platinum-1,blue,1,158.56,86.85,185.5,656.02,1,2,6,3,50.0
0f94b70b-f84b-4751-bda8-06c4e4d1e169,platinum-1,orange,0,152.98999,127.619995,232.64,582.29004,2,1,6,2,33.333332
a7317fe6-6202-4821-a821-5ac6206700fc,platinum-1,blue,1,154.57,29.119999,142.44,139.0,1,0,7,4,57.142857
a7317fe6-6202-4821-a821-5ac6206700fc,platinum-1,orange,0,126.19,36.28,6.01,291.74,0,1,0,0,0.0
80c2e462-5faf-469a-9b30-0055caab9372,platinum-1,blue,1,158.69,100.67,261.16,489.72998,1,0,7,3,42.857143
80c2e462-5faf-469a-9b30-0055caab9372,platinum-1,orange,0,138.31,117.92,171.44,592.93,0,1,4,2,50.0
41b99479-9219-44fe-8f42-6470d74d3ea5,platinum-1,blue,0,155.1,130.99,244.25,527.44995,1,1,12,2,16.666666
41b99479-9219-44fe-8f42-6470d74d3ea5,platinum-1,orange,1,155.57,106.76,120.850006,716.78,1,1,4,3,75.0
166906fc-d358-460a-babe-7e986e42c361,platinum-1,blue,0,147.17,122.62,170.28,519.32996,1,2,2,0,0.0
166906fc-d358-460a-babe-7e986e42c361,platinum-1,orange,1,160.92,80.04,208.68001,402.74,2,1,2,1,50.0
e53d269d-21e2-457b-a105-b2987e97ec4a,platinum-1,blue,0,128.15,169.71,315.7,492.59003,1,2,8,3,37.5
e53d269d-21e2-457b-a105-b2987e97ec4a,platinum-1,orange,1,142.61,173.02,209.16,626.54004,2,1,5,5,100.0
b1d80f0b-bfc1-486f-ba1b-09cba119b05e,platinum-1,blue,1,152.84,83.259995,161.34,481.62,0,0,4,4,100.0
b1d80f0b-bfc1-486f-ba1b-09cba119b05e,platinum-1,orange,0,139.62,103.520004,171.95999,506.53998,0,0,4,2,50.0
53cf3d2e-5e30-46b5-94b3-8eccd5954e0f,platinum-1,blue,1,174.56,68.69,248.46,409.51,1,2,6,4,66.666664
53cf3d2e-5e30-46b5-94b3-8eccd5954e0f,platinum-1,orange,0,157.2,66.64,142.37,563.92,2,1,1,0,0.0
d6a3f887-5c8b-4b31-aaa2-7b488e669328,platinum-1,blue,1,152.6,146.63,187.51,483.53998,2,1,5,1,20.0
d6a3f887-5c8b-4b31-aaa2-7b488e669328,platinum-1,orange,0,180.53,46.36,198.56,438.65997,1,2,2,0,0.0
5f952c60-5e64-4c9a-81d9-9d8e30c9276f,platinum-1,blue,0,128.74,222.07,147.87,514.75,0,4,2,1,50.0
5f952c60-5e64-4c9a-81d9-9d8e30c9276f,platinum-1,orange,1,152.73,102.36,250.84,459.81998,4,0,9,7,77.77778
0becb5ce-1476-4c59-b13d-964111913305,platinum-1,blue,1,140.83,202.06999,290.98,435.32,5,1,9,3,33.333332
0becb5ce-1476-4c59-b13d-964111913305,platinum-1,orange,0,149.28,161.05,166.98,577.33997,1,5,5,1,20.0
0ced5cf6-44bd-4dff-b6d4-fa69bef01dad,platinum-1,blue,0,161.67,110.86,209.12,546.78,2,3,8,3,37.5
0ced5cf6-44bd-4dff-b6d4-fa69bef01dad,platinum-1,orange,1,154.45,125.82001,191.26001,597.06,3,2,5,4,80.0
fa07197a-d7a1-48fd-922d-22a71b8e00ad,platinum-1,blue,1,132.51999,223.1,236.43,599.42,1,1,9,4,44.444443
fa07197a-d7a1-48fd-922d-22a71b8e00ad,platinum-1,orange,0,145.72,124.46,262.15002,519.19,1,1,1,3,300.0
2e3e44d2-7ce8-4bd8-8cb3-b205a9251d26,platinum-1,blue,1,146.29999,160.39001,325.28,506.45,5,2,9,5,55.555557
2e3e44d2-7ce8-4bd8-8cb3-b205a9251d26,platinum-1,orange,0,158.48001,109.03,182.71,628.68,2,5,6,3,50.0
a4040836-a124-41ec-9f3d-3f31cf109198,platinum-1,blue,1,164.45,72.45,293.65,429.18,3,0,8,5,62.5
a4040836-a124-41ec-9f3d-3f31cf109198,platinum-1,orange,0,112.770004,164.14,174.09999,598.84,0,3,3,0,0.0
791cc996-3f3d-459a-8556-5e8b007a3946,platinum-1,blue,0,144.09999,143.23999,166.82999,620.31006,2,4,5,1,20.0
791cc996-3f3d-459a-8556-5e8b007a3946,platinum-1,orange,1,167.0,69.369995,248.35999,513.11,4,2,7,4,57.142857
54e555db-2d9e-464b-8602-0a0c9ba806bb,platinum-1,blue,0,164.16,86.74,180.85,749.76,1,0,8,5,62.5
54e555db-2d9e-464b-8602-0a0c9ba806bb,platinum-1,orange,1,156.35,112.159996,247.48001,654.66003,0,1,12,7,58.333332
33da474a-97f8-410b-8c6c-e88ec6c5abdf,platinum-1,blue,1,153.41,109.84,317.94,459.33997,2,1,9,5,55.555557
33da474a-97f8-410b-8c6c-e88ec6c5abdf,platinum-1,orange,0,144.20999,142.41,135.56,710.75,1,2,7,3,42.857143
d77055f8-c02b-4beb-bd39-d69174b713f9,platinum-1,blue,1,158.34,82.3,265.16,524.37,2,1,10,4,40.0
d77055f8-c02b-4beb-bd39-d69174b713f9,platinum-1,orange,0,148.31,159.98,125.86,751.32,1,2,5,3,60.0
20d74cd7-4e82-47c0-83fb-455501c8d3af,platinum-1,blue,0,131.73,183.52,236.68,588.03,2,1,6,3,50.0
20d74cd7-4e82-47c0-83fb-455501c8d3af,platinum-1,orange,1,152.54001,90.439995,250.51001,577.67004,1,2,8,5,62.5
1247431a-cd16-429d-a6ce-27706a55d46d,platinum-1,blue,0,143.26,156.94,171.08,627.84,1,0,7,2,28.571428
1247431a-cd16-429d-a6ce-27706a55d46d,platinum-1,orange,1,179.74,31.59,197.85,588.43,0,1,8,3,37.5
c00a5fd3-db38-4a48-865d-41ceee36a867,platinum-1,blue,0,146.14,119.14,176.15,632.74,2,1,6,3,50.0
c00a5fd3-db38-4a48-865d-41ceee36a867,platinum-1,orange,1,146.56,184.69,261.99,526.99,1,2,8,5,62.5
8993a685-b6ca-4e8e-802e-c5cba3dacb69,platinum-1,blue,0,156.68,117.28999,191.17001,468.15002,0,1,6,0,0.0
8993a685-b6ca-4e8e-802e-c5cba3dacb69,platinum-1,orange,1,149.51999,84.74,210.25,444.00998,1,0,4,2,50.0
f2bacbad-6d5e-4659-bbf5-1e28b567b41d,platinum-1,blue,0,152.74,182.01,138.98,650.22,3,0,1,1,100.0
f2bacbad-6d5e-4659-bbf5-1e28b567b41d,platinum-1,orange,1,131.33,204.67001,222.76999,472.45,0,3,6,3,50.0
dcf3cb90-958c-4231-9d60-9f03581bb2bc,platinum-1,blue,1,129.68001,272.16998,367.96002,630.35004,4,4,5,2,40.0
dcf3cb90-958c-4231-9d60-9f03581bb2bc,platinum-1,orange,0,148.34,152.75,271.03998,733.57,4,4,7,1,14.285714
b714bfd2-ba8b-4ea7-b825-eaf0c9fddc72,platinum-1,blue,0,156.13,92.89,235.52002,540.54,2,0,6,3,50.0
b714bfd2-ba8b-4ea7-b825-eaf0c9fddc72,platinum-1,orange,1,162.0,72.53,175.31,634.42,0,2,7,4,57.142857
51e74f31-ab52-49c7-8e7f-3965c74f40b5,platinum-1,blue,1,143.06,91.61,194.01,588.84,3,1,5,4,80.0
51e74f31-ab52-49c7-8e7f-3965c74f40b5,platinum-1,orange,0,163.31,72.15,204.78,535.57,1,3,5,3,60.0
b478c1c3-ea2e-4b49-ab9d-fbd90e90ce40,platinum-1,blue,1,166.34,91.46,230.46,541.44,0,2,4,2,50.0
b478c1c3-ea2e-4b49-ab9d-fbd90e90ce40,platinum-1,orange,0,155.66,86.32,286.61,467.28003,2,0,5,1,20.0
49bfdcc0-22b8-4ab5-a4f2-3f52cb09efff,platinum-1,blue,0,147.18001,162.98,153.39,534.8,1,0,4,0,0.0
49bfdcc0-22b8-4ab5-a4f2-3f52cb09efff,platinum-1,orange,1,171.65001,61.66,242.73999,372.17,0,1,5,1,20.0
3140cba1-e73a-4ff2-a5e0-88214aac9637,platinum-1,blue,1,162.33,127.939995,237.59,470.81,1,0,7,5,71.42857
3140cba1-e73a-4ff2-a5e0-88214aac9637,platinum-1,orange,0,144.36,116.17,135.25,617.53,0,1,5,3,60.0
ecb6d7ba-28a3-4ca6-b8aa-978403bb70b8,platinum-1,blue,0,143.27,92.56,114.22,487.96002,1,2,3,2,66.666664
ecb6d7ba-28a3-4ca6-b8aa-978403bb70b8,platinum-1,orange,1,159.73001,113.01,336.88,426.59998,2,1,6,3,50.0
849bb698-6746-45c3-8297-23ca8a0153e6,platinum-1,blue,1,155.09,150.94,236.38998,519.64,3,0,10,5,50.0
849bb698-6746-45c3-8297-23ca8a0153e6,platinum-1,orange,0,139.75,130.68001,205.59001,611.87,0,3,7,2,28.571428
7758cd43-ac75-4ec5-83a2-322c1a5ea59c,platinum-1,blue,1,148.59,92.47,182.12,257.49,0,1,4,4,100.0
7758cd43-ac75-4ec5-83a2-322c1a5ea59c,platinum-1,orange,0,123.65001,160.54999,104.59,418.93,1,0,2,0,0.0
f9636569-0e7b-4e72-86ea-735e52b4a1c6,platinum-1,blue,0,167.43,87.990005,187.88,528.48,0,2,5,1,20.0
f9636569-0e7b-4e72-86ea-735e52b4a1c6,platinum-1,orange,1,151.65001,65.04,198.58,511.95,2,0,7,3,42.857143
a3d84ccd-280b-43a4-a14f-f95a5d935eb9,platinum-1,blue,0,145.15,133.97,196.94,602.12,0,0,5,3,60.0
a3d84ccd-280b-43a4-a14f-f95a5d935eb9,platinum-1,orange,1,145.78,153.23999,243.5,509.94,0,0,10,4,40.0
f862c7e2-3937-4d19-ac9d-01239e921add,platinum-1,blue,0,156.18,152.48,290.32,645.82996,1,0,10,3,30.0
f862c7e2-3937-4d19-ac9d-01239e921add,platinum-1,orange,1,159.15,141.13,241.07,766.65,0,1,8,4,50.0
d7896b12-eaef-4ab8-b6a4-572a0c7d785d,platinum-1,blue,0,175.46,61.739998,116.020004,671.85,0,4,5,1,20.0
d7896b12-eaef-4ab8-b6a4-572a0c7d785d,platinum-1,orange,1,151.17,129.54001,290.53003,409.24,4,0,6,3,50.0
2d1da0a2-891d-4407-aa69-67ba38c10dc5,platinum-1,blue,0,140.08,149.08,218.54001,680.07,5,1,6,3,50.0
2d1da0a2-891d-4407-aa69-67ba38c10dc5,platinum-1,orange,1,152.32,124.31999,245.44,591.26,1,5,5,4,80.0
66a1414d-1111-43c8-9f58-72d98bf1d74d,platinum-1,blue,0,161.33,117.82,210.06,817.05994,1,1,7,4,57.142857
66a1414d-1111-43c8-9f58-72d98bf1d74d,platinum-1,orange,1,136.63,220.43999,202.35,736.98,1,1,8,5,62.5
f9758393-fbb3-4400-929e-7bc90fe80700,platinum-1,blue,1,154.25,88.82,203.15001,571.12,1,3,6,3,50.0
f9758393-fbb3-4400-929e-7bc90fe80700,platinum-1,orange,0,133.44,154.85,221.8,501.08997,3,1,4,2,50.0
3dc99514-fc92-4ed4-9e24-39989b18f4e4,platinum-1,blue,1,113.990005,241.90001,236.51001,577.01,1,3,10,5,50.0
3dc99514-fc92-4ed4-9e24-39989b18f4e4,platinum-1,orange,0,146.29001,159.65999,214.94,640.59,3,1,7,4,57.142857
d5405cfa-5c3c-44b6-9d85-709497cf47b0,platinum-1,blue,1,119.58,195.67001,205.33,492.84998,2,3,8,4,50.0
d5405cfa-5c3c-44b6-9d85-709497cf47b0,platinum-1,orange,0,167.70999,95.8,171.24,543.88,3,2,4,2,50.0
e2d1a60c-fc93-468a-8872-216d048dbe78,platinum-1,blue,1,140.72,72.44,144.62,235.03,0,0,7,4,57.142857
e2d1a60c-fc93-468a-8872-216d048dbe78,platinum-1,orange,0,142.75,47.91,60.239998,370.13,0,0,1,0,0.0
8ad5f8ba-eae8-4a44-8e92-26cada87fa16,platinum-1,blue,0,135.68,155.33,236.45,481.16998,4,2,5,1,20.0
8ad5f8ba-eae8-4a44-8e92-26cada87fa16,platinum-1,orange,1,171.84999,101.74,222.47,518.12,2,4,8,3,37.5
38d0bd3a-0593-4470-b47a-d303275e185d,platinum-1,blue,0,142.37,490.2,774.56,1884.6799,7,5,19,2,10.526316
38d0bd3a-0593-4470-b47a-d303275e185d,platinum-1,orange,1,133.83,609.74,771.02997,1883.61,5,7,19,3,15.789474
ceaf06cd-1730-4fa8-bf82-18e00abdb595,platinum-1,blue,1,137.54,129.87,165.99,538.33,0,1,1,1,100.0
ceaf06cd-1730-4fa8-bf82-18e00abdb595,platinum-1,orange,0,167.55,148.0,265.39,372.27002,1,0,3,0,0.0
04d61c88-8abc-4478-857f-475b27cd1a0d,platinum-1,blue,1,156.45999,121.55,273.46,452.91,0,1,11,4,36.363636
04d61c88-8abc-4478-857f-475b27cd1a0d,platinum-1,orange,0,161.44,67.4,129.17,552.3,1,0,6,2,33.333332
949f91d4-a52e-4a6d-9705-917cbf5b24ab,platinum-1,blue,1,142.04001,132.70999,307.66998,431.96,1,0,9,4,44.444443
949f91d4-a52e-4a6d-9705-917cbf5b24ab,platinum-1,orange,0,141.47,131.5,165.27,618.11,0,1,1,1,100.0
dbe93094-fd78-4926-ab2d-cc0fb8c40923,platinum-1,blue,1,152.12,22.23,85.45,203.26999,1,0,6,4,66.666664
dbe93094-fd78-4926-ab2d-cc0fb8c40923,platinum-1,orange,0,152.54001,33.160004,40.72,244.31,0,1,1,0,0.0
47c82107-0ec1-4f7e-a0f3-824fea620c74,platinum-1,blue,0,126.490005,34.9,93.380005,163.09999,0,0,4,0,0.0
47c82107-0ec1-4f7e-a0f3-824fea620c74,platinum-1,orange,1,153.02,18.43,34.649998,273.75,0,0,3,3,100.0
324c802a-f760-4fe9-9e8e-1415552bbdaa,platinum-1,blue,1,157.19,97.84,207.07,592.81,3,4,9,4,44.444443
324c802a-f760-4fe9-9e8e-1415552bbdaa,platinum-1,orange,0,154.42,102.97,233.61002,548.36,4,3,7,3,42.857143
b25084b3-8190-471b-84fd-07c61fd90ed0,platinum-1,blue,0,153.03,80.159996,165.88,411.02002,2,2,1,0,0.0
b25084b3-8190-471b-84fd-07c61fd90ed0,platinum-1,orange,1,140.48,95.61,178.94,434.97998,2,2,8,4,50.0
8d77699b-0896-4263-82be-6e8712e0729d,platinum-1,blue,0,160.32,81.97,191.73,507.90002,0,0,7,1,14.285714
8d77699b-0896-4263-82be-6e8712e0729d,platinum-1,orange,1,148.87,104.479996,184.95001,551.52,0,0,7,3,42.857143
a7a31021-7dc0-4457-a8e5-fd79b731edc5,platinum-1,blue,0,153.42,126.049995,177.48999,585.02,1,0,0,0,0.0
a7a31021-7dc0-4457-a8e5-fd79b731edc5,platinum-1,orange,1,157.81,114.53,299.91,424.9,0,1,6,2,33.333332
ca0e2902-2bdf-449c-92cb-63a279928855,platinum-1,blue,0,170.23999,66.229996,151.45,550.77,2,3,5,1,20.0
ca0e2902-2bdf-449c-92cb-63a279928855,platinum-1,orange,1,135.23001,143.25,261.0,435.75,3,2,6,3,50.0
de1e657e-7b22-46f3-ad42-5f5313e7edcf,platinum-1,blue,0,134.74,167.01001,172.26001,428.11,1,1,0,0,0.0
de1e657e-7b22-46f3-ad42-5f5313e7edcf,platinum-1,orange,1,150.49,145.26,201.02,396.78998,1,1,5,3,60.0
b287521b-2b6c-4e59-b4ad-887ebf9afabd,platinum-1,blue,1,171.56,43.78,119.490005,201.40001,0,0,6,4,66.666664
b287521b-2b6c-4e59-b4ad-887ebf9afabd,platinum-1,orange,0,115.759995,58.769997,55.58,254.5,0,0,1,0,0.0
adc17b2f-f86d-4147-a58e-c41853aadc71,platinum-1,blue,1,164.46,119.24,174.2,541.39996,2,0,6,2,33.333332
adc17b2f-f86d-4147-a58e-c41853aadc71,platinum-1,orange,0,167.79001,69.81,259.31,454.38,0,2,8,1,12.5
d12f1c8f-f52a-4566-b2b8-208f9a8de0f3,platinum-1,blue,0,147.06,117.15,264.51,545.92,0,1,10,3,30.0
d12f1c8f-f52a-4566-b2b8-208f9a8de0f3,platinum-1,orange,1,150.16,129.89,157.75,700.94,1,0,10,4,40.0
8c76e4bb-4201-48e2-a1ee-50b318ccc354,platinum-1,blue,0,137.85,80.33,102.53,420.28,1,1,5,2,40.0
8c76e4bb-4201-48e2-a1ee-50b318ccc354,platinum-1,orange,1,145.70999,123.04,179.34,376.31,1,1,6,5,83.333336
3e5b37d3-8d7a-464d-a11c-1b877e91e8a5,platinum-1,blue,0,198.45001,109.87,217.60999,574.52,2,1,6,1,16.666666
3e5b37d3-8d7a-464d-a11c-1b877e91e8a5,platinum-1,orange,1,156.31999,112.48,189.73001,615.19,1,2,4,2,50.0
e1d33db0-a9ef-4026-8452-47618cb57ee7,platinum-1,blue,1,163.73999,59.91,199.94,311.08,9,2,6,3,50.0
e1d33db0-a9ef-4026-8452-47618cb57ee7,platinum-1,orange,0,150.17,91.43,99.59,432.53998,2,9,1,0,0.0
eeb5a655-33e2-4159-8853-190de5674eb1,platinum-1,blue,0,164.25,113.630005,282.84,562.4,4,1,9,2,22.222221
eeb5a655-33e2-4159-8853-190de5674eb1,platinum-1,orange,1,163.93,157.70999,234.26001,602.52,1,4,4,3,75.0
0262e68f-2b1e-440e-87c8-14c232aa2d77,platinum-1,blue,0,148.15001,388.72998,430.43,1079.97,3,0,13,1,7.6923075
0262e68f-2b1e-440e-87c8-14c232aa2d77,platinum-1,orange,1,152.68,239.29,432.34,1014.06995,0,3,10,2,20.0
fb897b86-6a39-4404-a59f-903298396ee9,platinum-1,blue,1,166.32,95.95,234.37,546.46,4,0,8,4,50.0
fb897b86-6a39-4404-a59f-903298396ee9,platinum-1,orange,0,136.49,128.92,235.71,529.57996,0,4,7,3,42.857143
ec13173f-0245-46c2-93a6-ca12b8b89de7,platinum-1,blue,0,158.63,115.05,195.07999,501.61002,2,1,6,1,16.666666
ec13173f-0245-46c2-93a6-ca12b8b89de7,platinum-1,orange,1,174.34,62.89,171.36,562.64,1,2,5,2,40.0
f56a8e8f-528c-4f77-a835-44cf21d87d14,platinum-1,blue,1,155.61,92.14,141.82,586.57,0,1,6,2,33.333332
f56a8e8f-528c-4f77-a835-44cf21d87d14,platinum-1,orange,0,154.85,187.44,273.89,405.27002,1,0,5,1,20.0
15c0e296-3343-4ffb-bc3d-1df4de7d1eea,platinum-1,blue,0,168.46,58.87,231.87,465.44,3,4,3,1,33.333332
15c0e296-3343-4ffb-bc3d-1df4de7d1eea,platinum-1,orange,1,133.51001,147.61,231.47,496.93,4,3,4,2,50.0
f1a91c65-f002-4649-9cdc-343d04ef086b,platinum-1,blue,1,132.04001,178.1,212.61,590.10004,2,1,5,3,60.0
f1a91c65-f002-4649-9cdc-343d04ef086b,platinum-1,orange,0,140.81,152.12,256.43,496.85004,1,2,4,2,50.0
f6690346-ebba-4c99-ad94-e1b2c93eed28,platinum-1,blue,0,174.98001,43.06,243.82999,447.24,0,1,3,1,33.333332
f6690346-ebba-4c99-ad94-e1b2c93eed28,platinum-1,orange,1,148.53,113.19,200.94,549.99,1,0,3,2,66.666664
cf4f967d-b0a7-469a-a074-a232e3c52bc7,platinum-1,blue,1,168.66,114.17999,301.86,383.85,3,1,11,4,36.363636
cf4f967d-b0a7-469a-a074-a232e3c52bc7,platinum-1,orange,0,140.86,149.32,136.86,638.76,1,3,3,1,33.333332
e6c24d46-723d-4fad-b8b3-5866f27e0317,platinum-1,blue,1,167.37,97.3,179.26,506.13,2,1,10,4,40.0
e6c24d46-723d-4fad-b8b3-5866f27e0317,platinum-1,orange,0,122.88,132.01001,142.13,580.04004,1,2,1,1,100.0
25943062-fcb6-4310-9930-cb9d36e70e62,platinum-1,blue,1,143.16,154.44,210.18001,427.68,1,0,6,3,50.0
25943062-fcb6-4310-9930-cb9d36e70e62,platinum-1,orange,0,142.86,120.05,180.9,494.89,0,1,3,0,0.0
57b4fd1f-ee18-4dfe-9a4b-1042e427082f,platinum-1,blue,1,170.55,51.46,139.73001,346.78,1,2,3,4,133.33333
57b4fd1f-ee18-4dfe-9a4b-1042e427082f,platinum-1,orange,0,158.11,65.05,116.36,385.68,2,1,3,1,33.333332
d9338910-19a3-4b03-b72e-302c0f42c13d,platinum-1,blue,1,174.59,90.06,243.13,551.91,0,0,9,7,77.77778
d9338910-19a3-4b03-b72e-302c0f42c13d,platinum-1,orange,0,152.2,150.54001,208.44,591.33,0,0,3,0,0.0
580d1480-c67e-42ac-a7e4-952cec626ab3,platinum-1,blue,0,164.56,92.38,198.28,469.13,1,4,3,0,0.0
580d1480-c67e-42ac-a7e4-952cec626ab3,platinum-1,orange,1,151.34,224.81999,236.90001,444.33997,4,1,7,1,14.285714
a68034c2-f89e-4ca7-a7a2-8273df9173a0,platinum-1,blue,0,153.36,130.14001,191.47,468.31,1,2,7,1,14.285714
a68034c2-f89e-4ca7-a7a2-8273df9173a0,platinum-1,orange,1,126.5,139.65001,153.1,494.19,2,1,7,3,42.857143
ef7a878e-945c-4de1-ab3f-13735f049a00,platinum-1,blue,0,142.85,123.259995,385.66998,323.19,1,2,6,2,33.333332
ef7a878e-945c-4de1-ab3f-13735f049a00,platinum-1,orange,1,164.58,143.48999,136.45,680.56,2,1,3,3,100.0
37af163f-5012-4608-9027-89c9d2a75fc5,platinum-1,blue,1,137.65999,63.9,144.95999,157.72,0,0,7,4,57.142857
37af163f-5012-4608-9027-89c9d2a75fc5,platinum-1,orange,0,149.43,64.85,34.29,254.95999,0,0,1,0,0.0
4b902053-82af-49d4-9de9-cb9edc46f3b7,platinum-1,blue,1,153.8,89.840004,214.56,517.19,0,1,5,3,60.0
4b902053-82af-49d4-9de9-cb9edc46f3b7,platinum-1,orange,0,158.28,87.66,218.09,455.89,1,0,7,1,14.285714
59bf62d9-aaee-4c5b-b1d4-7913edcfe0b2,platinum-1,blue,0,174.66,51.98,186.86,496.87997,2,5,8,1,12.5
59bf62d9-aaee-4c5b-b1d4-7913edcfe0b2,platinum-1,orange,1,152.8,81.92,276.3,436.09998,5,2,6,2,33.333332
93efb4dc-9ba2-480e-9224-6c1eb3ac4a97,diamond-1,blue,1,173.07999,23.95,172.43,326.57,0,2,3,3,100.0
93efb4dc-9ba2-480e-9224-6c1eb3ac4a97,diamond-1,orange,0,166.98001,85.66999,127.84,310.99,2,0,2,1,50.0
b5b9f1b8-a1d0-444e-a170-d727f60c1ec7,diamond-1,blue,1,182.92,63.65,200.53,512.67,1,4,8,2,25.0
b5b9f1b8-a1d0-444e-a170-d727f60c1ec7,diamond-1,orange,0,156.84999,97.74,246.8,414.40002,4,1,3,1,33.333332
90877642-5d10-4c7f-9db1-4e650dbb9b08,diamond-1,blue,1,149.69,92.81999,230.29001,550.61,2,2,5,3,60.0
90877642-5d10-4c7f-9db1-4e650dbb9b08,diamond-1,orange,0,159.62001,77.68,214.05,568.35004,2,2,4,2,50.0
bde02706-ebda-4ce4-aad5-6dc5bc65c353,diamond-1,blue,0,153.93,72.57,199.66,563.77,4,4,8,1,12.5
bde02706-ebda-4ce4-aad5-6dc5bc65c353,diamond-1,orange,1,157.82,136.37,274.22998,442.11002,4,4,8,2,25.0
73c9bb8b-e5f3-4398-9158-b235673dc660,diamond-1,blue,1,144.69,79.44,267.31,372.79,2,2,10,5,50.0
73c9bb8b-e5f3-4398-9158-b235673dc660,diamond-1,orange,0,156.08,56.24,129.97,572.23,2,2,3,1,33.333332
392efc8e-fd3e-425a-a693-a5f1742544aa,diamond-1,blue,1,162.16,83.12,160.92,503.06,1,3,5,4,80.0
392efc8e-fd3e-425a-a693-a5f1742544aa,diamond-1,orange,0,174.18,76.08,241.20999,519.83,3,1,7,2,28.571428
6002f7ff-4cd1-4838-b05a-f169d6529e68,diamond-1,blue,0,183.04001,12.379999,35.03,124.060005,1,0,2,1,50.0
6002f7ff-4cd1-4838-b05a-f169d6529e68,diamond-1,orange,1,156.05,40.440002,74.630005,198.93001,0,1,4,4,100.0
ac42da7c-d9b1-4c1b-bbde-062a29eadb93,diamond-1,blue,1,184.66,56.550003,236.24998,446.96002,1,0,7,1,14.285714
ac42da7c-d9b1-4c1b-bbde-062a29eadb93,diamond-1,orange,0,147.65,121.76,209.04001,544.48,0,1,4,0,0.0
3cd69d6a-9289-4061-82a8-824b459ef6d0,diamond-1,blue,1,150.93001,96.72,248.18,381.69,5,3,7,5,71.42857
3cd69d6a-9289-4061-82a8-824b459ef6d0,diamond-1,orange,0,154.37,69.009995,125.19,555.59,3,5,5,1,20.0
d8c75a05-d4cd-4102-838c-edd8cb7dffbf,diamond-1,blue,1,178.39,25.78,170.48999,310.7,1,1,8,3,37.5
d8c75a05-d4cd-4102-838c-edd8cb7dffbf,diamond-1,orange,0,134.13,75.020004,137.14,359.7,1,1,4,0,0.0
d8795f6c-2c9f-42d5-b35a-3138210bc0c9,diamond-1,blue,1,139.03,134.08,194.5,374.79,3,1,8,3,37.5
d8795f6c-2c9f-42d5-b35a-3138210bc0c9,diamond-1,orange,0,163.46,90.92999,192.17,400.22998,1,3,0,0,0.0
545d6e3e-9ebf-42f9-85c7-cb9c523bbda6,diamond-1,blue,0,168.22,61.12,147.6,499.65002,0,1,1,1,100.0
545d6e3e-9ebf-42f9-85c7-cb9c523bbda6,diamond-1,orange,1,160.98,83.69,183.67,403.77002,1,0,8,4,50.0
8358f247-bdbb-4394-9896-75c31757e43f,diamond-1,blue,1,157.29001,22.400002,78.78,161.14,0,0,3,2,66.666664
8358f247-bdbb-4394-9896-75c31757e43f,diamond-1,orange,0,149.09,39.46,81.29,169.18001,0,0,0,0,0.0
206b9d87-e165-415f-bc9a-301c994e617a,diamond-1,blue,1,147.4,92.47,181.72,550.86,0,4,5,3,60.0
206b9d87-e165-415f-bc9a-301c994e617a,diamond-1,orange,0,159.54001,116.86,236.86002,490.52002,4,0,6,2,33.333332
1c60a534-eadc-4710-a3b0-f75ef3a1e66d,diamond-1,blue,0,166.31999,72.560005,125.72,570.43,1,3,4,0,0.0
1c60a534-eadc-4710-a3b0-f75ef3a1e66d,diamond-1,orange,1,191.93,59.739998,254.91,373.26,3,1,14,2,14.285714
ce102093-ad22-46da-8f17-617abd0bd599,diamond-1,blue,1,154.42,70.33,125.97,588.99,0,2,6,1,16.666666
ce102093-ad22-46da-8f17-617abd0bd599,diamond-1,orange,0,157.87,95.119995,228.43,413.92,2,0,5,0,0.0
d35ede30-275d-4a32-8924-16ac4c76d315,diamond-1,blue,1,176.72,83.69,311.53,524.15,7,0,6,4,66.666664
d35ede30-275d-4a32-8924-16ac4c76d315,diamond-1,orange,0,130.33,213.20999,210.4,678.97,0,7,6,3,50.0
17050812-107a-43f8-84e9-83de911373c7,diamond-1,blue,1,161.09,69.479996,203.38,446.36002,0,1,9,5,55.555557
17050812-107a-43f8-84e9-83de911373c7,diamond-1,orange,0,160.42,130.29001,168.03,481.82,1,0,5,1,20.0
86a594af-69db-43f2-88f7-f9315b0fa304,diamond-1,blue,1,152.9,100.520004,170.24,501.12,1,0,7,2,28.571428
86a594af-69db-43f2-88f7-f9315b0fa304,diamond-1,orange,0,179.02,61.18,197.75,470.38,0,1,5,0,0.0
a34ef777-a728-4182-9f09-4cfe54082623,diamond-1,blue,1,160.62,84.75,295.09,482.88,1,0,11,5,45.454544
a34ef777-a728-4182-9f09-4cfe54082623,diamond-1,orange,0,155.82,104.55,151.76,675.92,0,1,6,3,50.0
17296433-5120-4aaf-bf47-aad107a06d0c,diamond-1,blue,1,145.22,281.74,456.02997,907.72,3,8,11,3,27.272728
17296433-5120-4aaf-bf47-aad107a06d0c,diamond-1,orange,0,167.57,148.04999,417.45,997.23,8,3,10,2,20.0
18bcd755-75ff-4104-9bc9-5e92fd7e02cb,diamond-1,blue,1,162.98999,82.99,198.45,477.9,1,2,6,3,50.0
18bcd755-75ff-4104-9bc9-5e92fd7e02cb,diamond-1,orange,0,151.52,136.83,250.45,387.84,2,1,6,0,0.0
2fea7cf0-57f0-4109-9e0f-e58f77df2c49,diamond-1,blue,0,172.83,62.94,110.08,378.28,1,2,0,0,0.0
2fea7cf0-57f0-4109-9e0f-e58f77df2c49,diamond-1,orange,1,159.87,69.92999,185.2,306.16,2,1,7,3,42.857143
ea846142-2b3e-4c74-835c-68991afb30be,diamond-1,blue,1,173.27,46.39,221.77002,507.62,4,0,9,3,33.333332
ea846142-2b3e-4c74-835c-68991afb30be,diamond-1,orange,0,159.03,105.6,205.52,527.20996,0,4,4,2,50.0
bcb99f60-ec4a-4b40-b95b-ac1f3eca0179,diamond-1,blue,1,156.34,111.71001,213.81,474.90997,1,2,8,2,25.0
bcb99f60-ec4a-4b40-b95b-ac1f3eca0179,diamond-1,orange,0,162.03,75.29,199.09,483.93,2,1,2,1,50.0
4e0b9d24-fd9c-4fe4-b501-d4b5988d2620,diamond-1,blue,1,158.26,82.869995,150.58,313.34003,6,1,5,4,80.0
4e0b9d24-fd9c-4fe4-b501-d4b5988d2620,diamond-1,orange,0,129.77,60.81,91.25,387.07,1,6,0,0,0.0
2f103fce-1c99-4ec8-8a6f-9a08a5a91579,diamond-1,blue,1,175.93,61.84,202.95999,506.94,2,0,7,2,28.571428
2f103fce-1c99-4ec8-8a6f-9a08a5a91579,diamond-1,orange,0,145.05,111.479996,208.57,505.95,0,2,4,1,25.0
14154b46-9a6b-4646-b813-1f565bca92d9,diamond-1,blue,0,165.87,26.939999,77.94,430.31,1,0,3,2,66.666664
14154b46-9a6b-4646-b813-1f565bca92d9,diamond-1,orange,1,164.2,52.839996,136.32,333.44,0,1,9,5,55.555557
dc8a6635-8f61-485d-b4fa-46c1d8119ed4,diamond-1,blue,0,155.05,118.64,260.96,507.93,3,1,8,2,25.0
dc8a6635-8f61-485d-b4fa-46c1d8119ed4,diamond-1,orange,1,146.14,88.43,190.82,568.95996,1,3,9,3,33.333332
a3ebac45-a012-44f0-8bf0-d883bc1f9534,diamond-1,blue,1,152.02,71.619995,266.84,310.66998,4,1,6,3,50.0
a3ebac45-a012-44f0-8bf0-d883bc1f9534,diamond-1,orange,0,158.58,73.490005,94.79,511.21002,1,4,2,1,50.0
71a9639c-8ef5-4f1b-932b-8cd1d6bae8b6,diamond-1,blue,1,159.53,106.54,249.18,419.17,2,2,10,3,30.0
71a9639c-8ef5-4f1b-932b-8cd1d6bae8b6,diamond-1,orange,0,164.95999,79.72,168.95,574.20996,2,2,2,1,50.0
f029aa16-cbe3-49ac-a9f4-14b578d2d07c,diamond-1,blue,1,158.01,116.89,250.34,480.89,2,1,6,3,50.0
f029aa16-cbe3-49ac-a9f4-14b578d2d07c,diamond-1,orange,0,178.31,96.91,199.15,594.09,1,2,5,2,40.0
8fb83c9f-f8fe-4e42-b594-96c2fca7833b,diamond-1,blue,0,160.07,124.89,142.82,573.89,3,2,5,2,40.0
8fb83c9f-f8fe-4e42-b594-96c2fca7833b,diamond-1,orange,1,150.06,67.19,215.68,490.62,2,3,12,7,58.333332
5b3cfd0a-fc73-4647-a830-27414ee5cc71,diamond-1,blue,0,180.73999,142.15,433.94,894.91003,4,2,12,1,8.333333
5b3cfd0a-fc73-4647-a830-27414ee5cc71,diamond-1,orange,1,173.73,57.15,407.87,969.81006,2,4,8,2,25.0
f90b1f3d-c2a8-479d-ab37-45d0a4c08867,diamond-1,blue,1,150.72,120.649994,205.74,520.55994,2,2,6,3,50.0
f90b1f3d-c2a8-479d-ab37-45d0a4c08867,diamond-1,orange,0,145.95,117.34001,244.44,464.58002,2,2,6,2,33.333332
cc52344d-0c01-4f62-80bf-d44326f79f7e,diamond-1,blue,1,179.8,40.84,206.15,501.02002,2,4,9,2,22.222221
cc52344d-0c01-4f62-80bf-d44326f79f7e,diamond-1,orange,0,163.48999,74.479996,178.41,555.56,4,2,5,1,20.0
49372774-4100-4ed3-a4bd-f3603bd817a1,diamond-1,blue,0,144.6,94.5,146.76,571.54,3,2,6,2,33.333332
49372774-4100-4ed3-a4bd-f3603bd817a1,diamond-1,orange,1,150.09999,126.34,250.44,474.65,2,3,10,4,40.0
c7bae7c7-9f70-4d92-9536-79822d1196d8,diamond-1,blue,1,147.49,109.94,196.48999,657.25,4,1,7,4,57.142857
c7bae7c7-9f70-4d92-9536-79822d1196d8,diamond-1,orange,0,147.5,105.979996,294.34,459.08002,1,4,6,3,50.0
91a5a3b6-bc2d-47df-b785-2ee4f50be521,diamond-1,blue,0,171.69,69.97,278.61,401.18997,2,3,5,1,20.0
91a5a3b6-bc2d-47df-b785-2ee4f50be521,diamond-1,orange,1,155.73999,62.65,128.48,629.52,3,2,6,5,83.333336
ac3eb930-88ab-460e-8c3f-480638641834,diamond-1,blue,1,150.14,162.11,270.1,562.22003,2,6,9,1,11.111111
ac3eb930-88ab-460e-8c3f-480638641834,diamond-1,orange,0,161.66,93.71001,250.99002,613.98,6,2,5,0,0.0
c3039313-af75-45b5-bccd-3e07b0304199,diamond-1,blue,1,170.13,110.67,307.62,445.11,2,0,11,3,27.272728
c3039313-af75-45b5-bccd-3e07b0304199,diamond-1,orange,0,155.47,98.44,142.8,651.53,0,2,2,2,100.0
a7e625e4-5dcc-4259-8846-6118d8255abd,diamond-1,blue,0,148.08,115.62,89.869995,605.63995,0,3,2,0,0.0
a7e625e4-5dcc-4259-8846-6118d8255abd,diamond-1,orange,1,173.76001,75.659996,301.68,309.16,3,0,5,1,20.0
da74692d-cd14-4efa-9d4c-b7314a0524cf,diamond-1,blue,1,171.33,36.96,154.36,297.69,1,1,8,4,50.0
da74692d-cd14-4efa-9d4c-b7314a0524cf,diamond-1,orange,0,149.67,52.51,92.350006,383.28003,1,1,4,1,25.0
2f9d41c1-9aff-499d-b932-770126d554a0,diamond-1,blue,0,172.09,42.59,51.879997,302.69,0,1,0,0,0.0
2f9d41c1-9aff-499d-b932-770126d554a0,diamond-1,orange,1,176.82,20.130001,146.70001,199.88,1,0,7,4,57.142857
ab0fc278-7521-4c1c-8aa3-35a252fa9287,diamond-1,blue,1,175.29999,79.01,184.51999,608.31,1,2,9,5,55.555557
ab0fc278-7521-4c1c-8aa3-35a252fa9287,diamond-1,orange,0,167.58,71.15,238.66998,543.44995,2,1,11,2,18.181818
7653f921-5939-4b6c-b087-038b040ff0f4,diamond-1,blue,0,160.26999,80.06,189.64,598.02,3,4,4,1,25.0
7653f921-5939-4b6c-b087-038b040ff0f4,diamond-1,orange,1,155.45,127.43,240.62999,509.24,4,3,9,5,55.555557
f47d4ecf-d8b2-4082-87af-a12ea15839a4,diamond-1,blue,0,163.70001,80.87,227.4,478.72003,4,1,5,2,40.0
f47d4ecf-d8b2-4082-87af-a12ea15839a4,diamond-1,orange,1,168.7,67.61,183.34,548.39,1,4,8,3,37.5
5e557467-7294-4f79-85d1-2714979c1c53,diamond-1,blue,1,155.5,154.42,204.37,763.81995,2,1,7,4,57.142857
5e557467-7294-4f79-85d1-2714979c1c53,diamond-1,orange,0,156.34999,206.39,273.84998,647.18,1,2,9,3,33.333332
c947cd09-ba81-4dd1-b7d7-f60cd42aaea2,diamond-1,blue,0,131.95999,101.3,199.12,543.20996,3,0,4,3,75.0
c947cd09-ba81-4dd1-b7d7-f60cd42aaea2,diamond-1,orange,1,144.91,152.51001,178.98001,587.02,0,3,6,5,83.333336
b075074a-1986-4314-bbcb-eb39c0601b1a,diamond-1,blue,0,138.65001,188.54001,250.83,842.14,4,4,9,4,44.444443
b075074a-1986-4314-bbcb-eb39c0601b1a,diamond-1,orange,1,130.04,296.92,397.69998,652.35,4,4,14,5,35.714287
ebb185b6-c67d-477d-8bea-bd6a7a8fc37f,diamond-1,blue,0,139.88,143.43,217.59,519.70996,2,1,5,2,40.0
ebb185b6-c67d-477d-8bea-bd6a7a8fc37f,diamond-1,orange,1,150.73,119.3,208.09,551.12,1,2,6,5,83.333336
71fe94d3-1ee0-4a3e-8162-920f404ca0bc,diamond-1,blue,0,167.53,91.53,241.72,329.59,0,1,7,0,0.0
71fe94d3-1ee0-4a3e-8162-920f404ca0bc,diamond-1,orange,1,171.43,41.55,160.17,461.55,1,0,5,2,40.0
9378522d-1e31-4e8d-aa75-f935c541e29e,diamond-1,blue,0,149.41,103.32,208.78,440.22998,0,2,7,1,14.285714
9378522d-1e31-4e8d-aa75-f935c541e29e,diamond-1,orange,1,171.78,56.95,240.71999,489.26,2,0,10,2,20.0
7bcb06cc-e64d-49d2-813d-9b650e39a67e,diamond-1,blue,0,169.01,58.53,146.33,569.98,2,0,5,0,0.0
7bcb06cc-e64d-49d2-813d-9b650e39a67e,diamond-1,orange,1,176.36,71.96,238.34,387.19,0,2,6,1,16.666666
50b3acf4-020e-4407-892a-42f0df5d6c49,diamond-1,blue,0,161.84,93.09,231.5,474.89,1,0,6,1,16.666666
50b3acf4-020e-4407-892a-42f0df5d6c49,diamond-1,orange,1,165.45,79.869995,221.45999,540.07,0,1,6,4,66.666664
4e627152-95fd-47b6-ae86-ba30f9a0f7a0,diamond-1,blue,1,160.83,45.49,217.41,519.03,2,5,6,4,66.666664
4e627152-95fd-47b6-ae86-ba30f9a0f7a0,diamond-1,orange,0,179.85,51.89,188.89,404.84,5,2,7,2,28.571428
9a6e86e4-c3ce-4acc-a445-c6dae719e845,diamond-1,blue,0,161.05,94.84,206.78,597.19,4,2,5,3,60.0
9a6e86e4-c3ce-4acc-a445-c6dae719e845,diamond-1,orange,1,175.66,55.91,212.6,560.64,2,4,8,4,50.0
c8da5468-7647-4e9e-b834-360701c40b43,diamond-1,blue,0,166.93,86.71,172.34999,558.56,0,4,5,1,20.0
c8da5468-7647-4e9e-b834-360701c40b43,diamond-1,orange,1,165.53,118.520004,225.74,468.89,4,0,7,3,42.857143
aefd5b39-8026-48df-b1bf-62769bed892c,diamond-1,blue,0,159.92,86.94,166.62,552.02,2,1,6,3,50.0
aefd5b39-8026-48df-b1bf-62769bed892c,diamond-1,orange,1,139.81,145.35,252.94,509.97,1,2,10,5,50.0
3741a2ff-ea2f-41d0-b6c4-718bd94c3e83,diamond-1,blue,0,149.48999,118.08,170.94,488.72998,3,0,4,1,25.0
3741a2ff-ea2f-41d0-b6c4-718bd94c3e83,diamond-1,orange,1,150.96,97.22,207.7,419.47998,0,3,6,2,33.333332
1ac1d569-ad23-4837-aba0-492169116ae9,diamond-1,blue,1,141.26999,165.97,281.3,475.82,2,2,8,2,25.0
1ac1d569-ad23-4837-aba0-492169116ae9,diamond-1,orange,0,170.67,83.69,146.6,655.28,2,2,7,1,14.285714
98f8ef2d-6ec8-4ce2-bc38-5294ffbfa7e6,diamond-1,blue,0,153.01,94.02,213.48999,611.81,3,0,5,2,40.0
98f8ef2d-6ec8-4ce2-bc38-5294ffbfa7e6,diamond-1,orange,1,169.54,80.61,224.16,615.78,0,3,8,3,37.5
36ce1b2a-ffbb-4981-bf32-762ea282f9a7,diamond-1,blue,0,173.06,76.869995,211.72,531.2,2,1,4,2,50.0
36ce1b2a-ffbb-4981-bf32-762ea282f9a7,diamond-1,orange,1,180.22,46.25,213.57,579.38,1,2,4,3,75.0
c900d1b5-9b7b-409d-a0ca-cd87c6e1c9ee,diamond-1,blue,0,183.98001,75.32,216.34,592.95,6,1,4,1,25.0
c900d1b5-9b7b-409d-a0ca-cd87c6e1c9ee,diamond-1,orange,1,146.76,125.25,227.19,507.28,1,6,7,2,28.571428
c80f080a-e42e-455e-9449-8008d152e09f,diamond-1,blue,0,164.39,61.29,321.69998,340.41,2,3,8,0,0.0
c80f080a-e42e-455e-9449-8008d152e09f,diamond-1,orange,1,154.23001,103.53,99.53,660.55,3,2,2,2,100.0
1396e08e-f2fc-433d-a175-495505c0114e,diamond-1,blue,0,158.56,68.8,210.54999,448.99002,2,0,4,1,25.0
1396e08e-f2fc-433d-a175-495505c0114e,diamond-1,orange,1,167.0,110.67,143.8,593.63,0,2,8,2,25.0
f4050a8b-3463-4ac2-826b-df93a2727863,diamond-1,blue,1,154.26999,133.94,327.57,508.38,1,0,16,7,43.75
f4050a8b-3463-4ac2-826b-df93a2727863,diamond-1,orange,0,144.08,94.83,134.72,750.29004,0,1,4,3,75.0
54b9faa8-0ea9-4992-a452-421fcfed2cb8,diamond-1,blue,1,161.42,126.43,195.3,733.93994,0,2,9,4,44.444443
54b9faa8-0ea9-4992-a452-421fcfed2cb8,diamond-1,orange,0,164.88,85.7,247.18999,629.15,2,0,9,3,33.333332
18627cc6-32bd-4cc9-b539-364981ab6354,diamond-1,blue,1,160.74,76.68,237.43,474.09998,3,0,9,5,55.555557
18627cc6-32bd-4cc9-b539-364981ab6354,diamond-1,orange,0,137.33,142.53,175.54001,619.25,0,3,4,2,50.0
084f8d39-6aaa-4d0a-bf10-355780867ed3,diamond-1,blue,0,168.91,97.39,211.74,467.78,2,1,3,0,0.0
084f8d39-6aaa-4d0a-bf10-355780867ed3,diamond-1,orange,1,157.06,85.44,182.41,547.82996,1,2,4,2,50.0
cd2b5e9f-bd87-4edc-be19-f934011da3d4,diamond-1,blue,0,151.0,93.57,166.01999,521.86,2,0,5,0,0.0
cd2b5e9f-bd87-4edc-be19-f934011da3d4,diamond-1,orange,1,168.95,74.630005,197.6,439.69,0,2,7,1,14.285714
557cdea5-f4e6-458a-bf71-825eb211ea08,diamond-1,blue,0,162.44,65.12,185.47,537.83997,3,5,9,1,11.111111
557cdea5-f4e6-458a-bf71-825eb211ea08,diamond-1,orange,1,145.53,180.2,233.75,461.84998,5,3,7,2,28.571428
d60b5024-9052-4b15-8dfe-c8f2cc5005d2,diamond-1,blue,1,162.99,78.630005,110.1,662.47003,0,3,7,5,71.42857
d60b5024-9052-4b15-8dfe-c8f2cc5005d2,diamond-1,orange,0,173.01001,34.82,272.83002,448.34,3,0,9,0,0.0
75b3f7a0-aa47-43c9-b767-56e077ca395e,diamond-1,blue,1,158.61,77.75,217.76001,610.49,3,1,5,4,80.0
75b3f7a0-aa47-43c9-b767-56e077ca395e,diamond-1,orange,0,148.9,154.24,291.46002,521.9,1,3,6,3,50.0
761d079f-91de-496e-8293-fa618ac4a964,diamond-1,blue,1,168.15,95.37,269.74,449.18002,1,2,7,3,42.857143
761d079f-91de-496e-8293-fa618ac4a964,diamond-1,orange,0,153.69,116.189995,161.33,587.18,2,1,4,2,50.0
37ad72d0-01ba-41e2-8495-f3bc4511b294,diamond-1,blue,1,170.46,23.23,82.63,206.48001,0,0,5,4,80.0
37ad72d0-01ba-41e2-8495-f3bc4511b294,diamond-1,orange,0,147.41,34.100002,57.190002,263.9,0,0,1,0,0.0
c04fac41-3ca7-48b5-885c-40d19c84731a,diamond-1,blue,1,148.92,121.86,217.77,599.51,3,1,6,2,33.333332
c04fac41-3ca7-48b5-885c-40d19c84731a,diamond-1,orange,0,167.04001,118.82,176.09,650.05,1,3,4,1,25.0
6f3d0ce0-18d6-42c1-9478-e515d1e9a124,diamond-1,blue,1,150.94,92.689995,206.31,498.51,4,7,5,3,60.0
6f3d0ce0-18d6-42c1-9478-e515d1e9a124,diamond-1,orange,0,165.24,78.74,187.23,537.44,7,4,5,2,40.0
09276c80-eeb0-481f-bb1a-6261c4af0acf,diamond-1,blue,0,154.13,86.380005,307.38,464.53998,2,1,7,2,28.571428
09276c80-eeb0-481f-bb1a-6261c4af0acf,diamond-1,orange,1,155.12,98.03,144.86,691.01,1,2,4,4,100.0
7cdde9e2-c66e-4959-b7d9-ee50ac25ce00,diamond-1,blue,0,149.81,90.130005,199.59,537.55,1,3,3,0,0.0
7cdde9e2-c66e-4959-b7d9-ee50ac25ce00,diamond-1,orange,1,166.82,65.619995,220.01001,475.80002,3,1,5,3,60.0
fbbaa95a-7ea0-4d39-8323-9f4dc5600dba,diamond-1,blue,1,146.45999,89.22,205.0,539.12,5,1,4,2,50.0
fbbaa95a-7ea0-4d39-8323-9f4dc5600dba,diamond-1,orange,0,136.03,156.76,281.94998,429.31998,1,5,7,1,14.285714
a7690755-7581-4dc2-8d13-a6cd8fc7d607,diamond-1,blue,0,150.97,60.7,108.82,377.59,3,5,2,1,50.0
a7690755-7581-4dc2-8d13-a6cd8fc7d607,diamond-1,orange,1,156.26001,40.809998,162.97,311.03,5,3,7,4,57.142857
cc90244f-8475-4192-bc53-14227bf0be69,diamond-1,blue,0,141.48001,132.54001,139.23999,512.48,2,4,4,0,0.0
cc90244f-8475-4192-bc53-14227bf0be69,diamond-1,orange,1,171.79001,59.9,240.17001,395.7,4,2,6,2,33.333332
06fe96a1-7bc0-41ca-b5e0-cdfd74aa1621,diamond-1,blue,1,148.17,71.659996,290.1,338.07,2,5,4,4,100.0
06fe96a1-7bc0-41ca-b5e0-cdfd74aa1621,diamond-1,orange,0,146.78,89.67,156.07999,567.48,5,2,1,1,100.0
3bb1648c-427d-4ddd-8a1b-32346d11bee7,diamond-1,blue,0,164.23999,71.28999,187.6,521.81006,0,2,5,1,20.0
3bb1648c-427d-4ddd-8a1b-32346d11bee7,diamond-1,orange,1,160.07,58.6,243.11,458.85,2,0,4,2,50.0
963d9dbe-b492-493e-b1bd-7db77878adbe,diamond-1,blue,0,185.88,52.160004,260.61,720.17004,1,5,5,0,0.0
963d9dbe-b492-493e-b1bd-7db77878adbe,diamond-1,orange,1,186.62,60.13,292.93,686.37,5,1,8,1,12.5
fcd67914-bd1d-4c11-80de-8e96ec3c5689,diamond-1,blue,0,138.79,124.07,166.48001,581.47,2,0,5,0,0.0
fcd67914-bd1d-4c11-80de-8e96ec3c5689,diamond-1,orange,1,162.74,93.28,287.72,360.52002,0,2,11,4,36.363636
82e59c1d-8192-4804-b485-3ee9966c4069,diamond-1,blue,1,176.87,54.12,184.97,364.59,5,3,9,4,44.444443
82e59c1d-8192-4804-b485-3ee9966c4069,diamond-1,orange,0,158.5,95.700005,149.26001,422.24997,3,5,3,1,33.333332
16840e17-3065-45b4-a58a-8a4e089353bd,diamond-1,blue,0,162.46,72.03,137.70999,671.58997,0,1,3,1,33.333332
16840e17-3065-45b4-a58a-8a4e089353bd,diamond-1,orange,1,148.41,113.93,299.1,451.68,1,0,13,4,30.76923
602806b4-63c7-4a5f-b21b-682a8ebd98e1,diamond-1,blue,1,153.64,108.77,211.08,507.12,0,1,10,5,50.0
602806b4-63c7-4a5f-b21b-682a8ebd98e1,diamond-1,orange,0,157.73,112.58,223.66,505.88,1,0,2,0,0.0
e009de0b-70bb-4887-a1c9-68467579480e,diamond-1,blue,0,153.08,66.73,130.82,525.12,2,3,2,0,0.0
e009de0b-70bb-4887-a1c9-68467579480e,diamond-1,orange,1,166.07,45.55,222.40999,362.88,3,2,10,3,30.0
4be10726-8ab9-41a0-b030-9411f6e2ca33,diamond-1,blue,1,153.66,62.54,214.85,405.19998,3,0,9,5,55.555557
4be10726-8ab9-41a0-b030-9411f6e2ca33,diamond-1,orange,0,155.45,99.42,159.39,491.96,0,3,6,1,16.666666
ecad626b-8b62-4988-a2d0-bb7547f368c8,diamond-1,blue,0,151.3,60.96,176.93,537.37,2,2,8,2,25.0
ecad626b-8b62-4988-a2d0-bb7547f368c8,diamond-1,orange,1,149.98001,89.27,223.07,487.71997,2,2,8,3,37.5
fcd31c26-a1ad-4f73-b539-1c99cd20fc73,diamond-1,blue,0,155.81,86.14,259.90997,514.3,2,3,4,1,25.0
fcd31c26-a1ad-4f73-b539-1c99cd20fc73,diamond-1,orange,1,169.91,81.82,218.34,595.5,3,2,8,6,75.0
b5f60f6c-aae5-48ba-ade9-befb3afebcd5,diamond-1,blue,1,155.04001,114.2,143.5,623.46,0,2,7,4,57.142857
b5f60f6c-aae5-48ba-ade9-befb3afebcd5,diamond-1,orange,0,147.88,106.95,271.01,401.66998,2,0,6,1,16.666666
ac9f6b3e-09bc-4e65-9c15-237d75776fc9,diamond-1,blue,1,159.9,122.25,248.38,452.39,2,1,7,3,42.857143
ac9f6b3e-09bc-4e65-9c15-237d75776fc9,diamond-1,orange,0,159.19,115.740005,223.31999,495.68,1,2,6,2,33.333332
8bf9fad8-4d3c-4f62-9d52-f4bcf544924a,diamond-1,blue,0,149.77,118.630005,150.48001,563.94995,1,1,6,2,33.333332
8bf9fad8-4d3c-4f62-9d52-f4bcf544924a,diamond-1,orange,1,162.04,97.5,270.98,445.7,1,1,7,4,57.142857
ba04ad7a-a35f-4147-a3ef-2be98d83e6b3,diamond-1,blue,1,164.22,137.86,277.86,422.40002,1,2,12,4,33.333332
ba04ad7a-a35f-4147-a3ef-2be98d83e6b3,diamond-1,orange,0,157.54,76.2,142.44,588.12,2,1,4,1,25.0
48018ec9-c19b-40d3-b04c-2f4ae556acf5,diamond-1,blue,0,148.93,112.55,175.42,496.14,3,2,2,0,0.0
48018ec9-c19b-40d3-b04c-2f4ae556acf5,diamond-1,orange,1,152.17,71.06,195.72,477.19,2,3,5,2,40.0
a13c0b29-742c-4570-9deb-5d690f077bf8,diamond-1,blue,0,176.88,60.660004,228.69,447.91,1,3,7,0,0.0
a13c0b29-742c-4570-9deb-5d690f077bf8,diamond-1,orange,1,136.10999,177.23999,207.83002,508.97,3,1,4,4,100.0
aee86cef-99bc-4c87-9193-7c5c0512c985,champion-1,blue,1,130.1,174.35,211.03,597.27,7,0,9,4,44.444443
aee86cef-99bc-4c87-9193-7c5c0512c985,champion-1,orange,0,145.44,134.92,263.2,466.04,0,7,10,3,30.0
668185c6-5bfd-41e8-90dc-1555394a89ca,champion-1,blue,0,165.87,61.039997,214.25,432.39,1,4,8,1,12.5
668185c6-5bfd-41e8-90dc-1555394a89ca,champion-1,orange,1,162.51999,100.83,185.29,541.26,4,1,9,2,22.222221
2269fa7b-521f-4131-a321-f4fc76dea6ba,champion-1,blue,0,154.92,94.25,177.15001,584.13,0,1,7,2,28.571428
2269fa7b-521f-4131-a321-f4fc76dea6ba,champion-1,orange,1,164.28,107.38,231.53,499.51,1,0,6,3,50.0
25abe472-4d67-44a2-b924-1b5948625a90,champion-1,blue,1,141.61,175.55,239.95,468.76,4,4,10,3,30.0
25abe472-4d67-44a2-b924-1b5948625a90,champion-1,orange,0,170.39,103.57,151.75,575.68,4,4,5,2,40.0
5edda5f1-a6dc-4336-bd83-1b82361af35e,champion-1,blue,1,159.95999,107.28,212.29001,471.59003,2,2,9,4,44.444443
5edda5f1-a6dc-4336-bd83-1b82361af35e,champion-1,orange,0,148.01,88.990005,211.12,498.47,2,2,7,2,28.571428
233742cd-858a-430d-8b73-3f5c127c47a8,champion-1,blue,0,151.29999,122.21001,221.09,455.90002,7,1,6,1,16.666666
233742cd-858a-430d-8b73-3f5c127c47a8,champion-1,orange,1,164.81999,81.58,209.54999,478.63,1,7,6,2,33.333332
2dd6bc35-c8fb-4363-a910-31738164379c,champion-1,blue,1,180.07,67.15,196.47,512.55,5,2,10,4,40.0
2dd6bc35-c8fb-4363-a910-31738164379c,champion-1,orange,0,139.42,126.18,191.38,501.68002,2,5,8,3,37.5
87b2dda7-67b3-42fd-b3a1-10f7015ce855,champion-1,blue,1,176.07,50.839996,241.26999,411.27002,1,0,8,2,25.0
87b2dda7-67b3-42fd-b3a1-10f7015ce855,champion-1,orange,0,171.23999,81.43,134.01999,548.97,0,1,1,1,100.0
041b94d4-0750-4cc7-bf11-282656a5fa65,champion-1,blue,0,162.57,29.64,71.94,179.84,0,0,1,0,0.0
041b94d4-0750-4cc7-bf11-282656a5fa65,champion-1,orange,1,136.14,54.33,73.04,156.91,0,0,3,3,100.0
127ab88f-29ed-4a17-a2f8-891bd479d8d0,champion-1,blue,0,145.58,158.15,233.16,452.75998,1,2,6,2,33.333332
127ab88f-29ed-4a17-a2f8-891bd479d8d0,champion-1,orange,1,149.98999,122.020004,201.15,561.22,2,1,5,4,80.0
eb3710d1-886f-44d8-bffb-7b641ddfcd04,champion-1,blue,0,135.09,16.0,39.4,46.85,0,0,1,0,0.0
eb3710d1-886f-44d8-bffb-7b641ddfcd04,champion-1,orange,0,170.48,7.7,6.81,89.39,0,0,0,0,0.0
f606ebdd-b6af-456a-8148-d770ceacbd3c,champion-1,blue,0,164.79999,69.630005,273.84,431.82,2,0,5,0,0.0
f606ebdd-b6af-456a-8148-d770ceacbd3c,champion-1,orange,1,162.20001,63.52,143.41,617.51,0,2,7,4,57.142857
7989a834-7ce6-4a86-a3f1-017d4dcaede2,champion-1,blue,1,167.23999,75.15,192.09,242.70001,3,1,7,3,42.857143
7989a834-7ce6-4a86-a3f1-017d4dcaede2,champion-1,orange,0,147.47,41.81,97.03999,391.36,1,3,6,0,0.0
7a71f0d8-ed7f-489e-a186-9fc254726f8e,champion-1,blue,1,156.79001,94.56,234.41,689.35,3,1,7,4,57.142857
7a71f0d8-ed7f-489e-a186-9fc254726f8e,champion-1,orange,0,145.31,117.549995,318.95,508.94998,1,3,7,3,42.857143
010e739a-b3be-4bc0-aed9-826417ec9e7a,champion-1,blue,0,149.59,70.15,41.32,383.72,0,0,4,1,25.0
010e739a-b3be-4bc0-aed9-826417ec9e7a,champion-1,orange,1,155.07999,51.25,152.56,240.42,0,0,5,4,80.0
793f2dee-f55e-4f34-885d-e49f89c7657e,champion-1,blue,1,158.89,81.869995,190.22,429.68,3,2,12,5,41.666668
793f2dee-f55e-4f34-885d-e49f89c7657e,champion-1,orange,0,140.89,114.24,133.88,443.46,2,3,5,2,40.0
08bc9a0b-77cc-4060-802a-f6e7e765f64b,champion-1,blue,1,159.81,93.11,238.1,419.78,2,2,12,6,50.0
08bc9a0b-77cc-4060-802a-f6e7e765f64b,champion-1,orange,0,154.81,67.51,118.450005,577.25,2,2,3,1,33.333332
31bb2cb4-7803-4d33-9fbd-87e935f4a44d,champion-1,blue,1,166.34999,65.33,175.56,393.97,0,0,10,6,60.0
31bb2cb4-7803-4d33-9fbd-87e935f4a44d,champion-1,orange,0,148.92,61.339996,132.13,416.77002,0,0,4,0,0.0
0ecafcc3-2181-4af3-9266-561d775886a4,champion-1,blue,1,164.83,101.85,192.95001,570.52997,2,1,7,3,42.857143
0ecafcc3-2181-4af3-9266-561d775886a4,champion-1,orange,0,170.72,51.829998,257.46002,488.57,1,2,8,2,25.0
0f182d56-493c-4273-9d11-f2ce2798bd36,champion-1,blue,0,169.05,90.350006,259.95,388.95,2,2,9,0,0.0
0f182d56-493c-4273-9d11-f2ce2798bd36,champion-1,orange,1,165.67,51.59,107.130005,586.37,2,2,5,2,40.0
439f78e2-18d5-49e6-8928-3a4a07c292b0,champion-1,blue,1,166.67,38.71,85.479996,216.09,1,0,5,4,80.0
439f78e2-18d5-49e6-8928-3a4a07c292b0,champion-1,orange,0,142.99,30.69,35.82,187.24,0,1,2,1,50.0
70ef0e91-afb5-44c5-b407-5562170847af,champion-1,blue,0,153.06,106.38999,215.08,636.51,7,5,8,2,25.0
70ef0e91-afb5-44c5-b407-5562170847af,champion-1,orange,1,157.38,107.82001,237.81001,640.64,5,7,7,3,42.857143
9ea1c2cc-86b3-4603-ae53-22e533744142,champion-1,blue,1,157.35,57.170002,252.94,447.49,2,3,7,2,28.571428
9ea1c2cc-86b3-4603-ae53-22e533744142,champion-1,orange,0,148.32,94.670006,238.67001,491.47,3,2,3,1,33.333332
5a0e2cd9-194f-4f82-a662-ac35b7d6465d,champion-1,blue,1,153.25,131.75,271.02002,428.18,1,1,8,2,25.0
5a0e2cd9-194f-4f82-a662-ac35b7d6465d,champion-1,orange,0,153.70999,87.01,160.91,543.47003,1,1,8,1,12.5
a5f400a3-e243-45d6-9ffa-56042058c6e0,champion-1,blue,1,154.25,175.37999,237.34001,601.9,1,2,5,3,60.0
a5f400a3-e243-45d6-9ffa-56042058c6e0,champion-1,orange,0,150.58,141.59,294.14,572.81,2,1,8,2,25.0
bef3c1a2-d4db-4c40-be1f-e96e41d0a4d7,champion-1,blue,1,135.92001,186.88,230.03,576.52,4,5,11,7,63.636364
bef3c1a2-d4db-4c40-be1f-e96e41d0a4d7,champion-1,orange,0,139.3,114.01,158.85,647.06,5,4,4,3,75.0
36af44f7-29f0-4d3a-9b96-076f707aec8a,champion-1,blue,0,165.51,100.439995,261.82,424.86,1,0,6,1,16.666666
36af44f7-29f0-4d3a-9b96-076f707aec8a,champion-1,orange,1,142.05,113.740005,132.9,600.93,0,1,7,2,28.571428
247b023f-70ea-4d56-9507-8cb56698ac2e,champion-1,blue,1,148.57,111.68,212.45999,384.03998,3,1,11,5,45.454544
247b023f-70ea-4d56-9507-8cb56698ac2e,champion-1,orange,0,146.06,127.42,134.14001,488.74002,1,3,2,1,50.0
d6b15e42-cb43-47f8-a224-1030792ac25e,champion-1,blue,1,167.16,83.55,251.86,461.44,3,1,8,2,25.0
d6b15e42-cb43-47f8-a224-1030792ac25e,champion-1,orange,0,148.37,183.31,221.44,494.68,1,3,5,1,20.0
bd1f54a4-2eef-44f2-8ca0-1504efb8fe35,champion-1,blue,1,157.93,116.07,229.31,537.31,2,3,7,2,28.571428
bd1f54a4-2eef-44f2-8ca0-1504efb8fe35,champion-1,orange,0,152.9,139.74,210.67,588.33997,3,2,6,1,16.666666
411bc8d4-d6d7-447c-bd48-01c144c439fb,champion-1,blue,1,136.51001,180.12,199.76,551.63,1,3,10,4,40.0
411bc8d4-d6d7-447c-bd48-01c144c439fb,champion-1,orange,0,152.97,130.85,237.87,451.44,3,1,7,0,0.0
9d2532c2-bab1-4f31-882a-83a49c1e9c48,champion-1,blue,0,160.23999,85.4,247.98001,657.21,6,7,5,2,40.0
9d2532c2-bab1-4f31-882a-83a49c1e9c48,champion-1,orange,1,149.37,130.70999,251.28,617.52997,7,6,13,3,23.076923
ed2484a1-aa02-434e-97b6-77fe5f37353c,champion-1,blue,1,157.78,118.920006,208.48999,597.9,2,3,8,6,75.0
ed2484a1-aa02-434e-97b6-77fe5f37353c,champion-1,orange,0,148.07,95.57,214.75,527.14,3,2,9,3,33.333332
a314018c-084f-4675-924a-8db0428f50ce,champion-1,blue,1,144.13,174.16,209.24,573.14,4,4,5,3,60.0
a314018c-084f-4675-924a-8db0428f50ce,champion-1,orange,0,159.70999,118.64,256.0,505.45,4,4,7,2,28.571428
da83ae95-2ebc-4ac1-9b6d-57daf7793ba6,champion-1,blue,0,143.95,105.100006,131.0,492.18002,0,2,4,1,25.0
da83ae95-2ebc-4ac1-9b6d-57daf7793ba6,champion-1,orange,1,173.62,76.79,237.83,369.51,2,0,16,5,31.25
98e4b830-2269-41b9-8373-9b8ffd48625b,champion-1,blue,1,150.85,108.23,249.0,685.66,3,2,10,4,40.0
98e4b830-2269-41b9-8373-9b8ffd48625b,champion-1,orange,0,158.98999,91.08,208.71,653.55,2,3,10,3,30.0
921a1a93-a1d9-48e8-b453-f6f109687085,champion-1,blue,1,144.59,114.130005,239.19,568.79004,2,1,7,3,42.857143
921a1a93-a1d9-48e8-b453-f6f109687085,champion-1,orange,0,160.98,106.14,235.64,553.41,1,2,6,2,33.333332
008be2f1-af9a-44e2-a5ec-b872a1b75863,champion-1,blue,0,164.31,109.49,152.09,643.94,0,3,5,1,20.0
008be2f1-af9a-44e2-a5ec-b872a1b75863,champion-1,orange,1,155.66,113.82001,268.16998,438.76,3,0,10,2,20.0
d14d8373-b656-44bb-a53e-87d3a477d19f,champion-1,blue,0,180.11,66.15,212.31999,476.86,2,0,12,1,8.333333
d14d8373-b656-44bb-a53e-87d3a477d19f,champion-1,orange,1,142.59,98.979996,228.49002,487.09998,0,2,5,3,60.0
df87e8f2-91ee-46c8-8633-9a1490cbe293,champion-1,blue,1,150.79,109.17,148.70999,553.79,0,1,6,2,33.333332
df87e8f2-91ee-46c8-8633-9a1490cbe293,champion-1,orange,0,158.82,82.45,305.33002,342.49,1,0,7,1,14.285714
e361d382-a259-4c97-bd7d-c7a307805b50,champion-1,blue,1,152.26,69.5,173.35,417.87,0,3,12,4,33.333332
e361d382-a259-4c97-bd7d-c7a307805b50,champion-1,orange,0,146.67,80.86,191.06001,433.27997,3,0,8,1,12.5
d9d29790-535f-4e9e-b824-c3c883d5d552,champion-1,blue,1,164.23,105.81999,203.02,510.63,4,4,7,3,42.857143
d9d29790-535f-4e9e-b824-c3c883d5d552,champion-1,orange,0,150.84,109.329994,195.36,510.13,4,4,8,2,25.0
b7f97b9b-82c6-4397-862d-a88721a110be,champion-1,blue,0,139.7,118.78,223.87,531.86,3,2,7,2,28.571428
b7f97b9b-82c6-4397-862d-a88721a110be,champion-1,orange,1,163.71,78.08,222.2,540.29,2,3,8,3,37.5
34f4c61f-affe-4bef-b6ad-e90d1f5a51e1,champion-1,blue,0,134.7,124.56999,166.04,615.5,2,5,5,3,60.0
34f4c61f-affe-4bef-b6ad-e90d1f5a51e1,champion-1,orange,1,156.62,116.020004,247.5,468.38,5,2,5,4,80.0
44bc57bb-948b-4178-8841-5647367d3d59,champion-1,blue,1,173.68001,99.07,288.84,302.75,2,2,13,2,15.384615
44bc57bb-948b-4178-8841-5647367d3d59,champion-1,orange,0,148.14,113.369995,82.060005,648.6,2,2,1,0,0.0
4c3ef326-e7da-4288-9a8a-ca1ac9e6f177,champion-1,blue,1,142.18,133.76001,230.67,472.91998,0,1,8,6,75.0
4c3ef326-e7da-4288-9a8a-ca1ac9e6f177,champion-1,orange,0,162.64,89.17,175.69,519.26,1,0,6,2,33.333332
aeed68f0-8c28-49a6-95dd-5b163112e524,champion-1,blue,1,156.28,87.16,213.42001,220.60999,5,1,10,3,30.0
aeed68f0-8c28-49a6-95dd-5b163112e524,champion-1,orange,0,121.12,98.08,113.45999,373.38,1,5,2,0,0.0
163090e1-1feb-41f9-b715-9b36914cc088,champion-1,blue,0,169.58,59.85,234.39,443.40997,0,2,4,1,25.0
163090e1-1feb-41f9-b715-9b36914cc088,champion-1,orange,1,158.70999,75.65,204.54999,463.69998,2,0,4,2,50.0
04dcc666-21d6-406b-a2e4-d83b6ea3615f,champion-1,blue,0,164.26001,84.14,202.09999,489.74,3,3,5,1,20.0
04dcc666-21d6-406b-a2e4-d83b6ea3615f,champion-1,orange,1,139.69,146.75,237.73999,466.64,3,3,6,2,33.333332
e7be2293-6879-41b0-b070-7e50a393ce6a,champion-1,blue,0,144.11,129.57,196.18,452.08997,6,2,5,0,0.0
e7be2293-6879-41b0-b070-7e50a393ce6a,champion-1,orange,1,161.99,112.32,203.34,393.69,2,6,5,1,20.0
f103dc63-1056-49be-bbca-d308fcfeda64,champion-1,blue,1,146.17,124.899994,226.56999,458.75,3,3,8,3,37.5
f103dc63-1056-49be-bbca-d308fcfeda64,champion-1,orange,0,156.96,99.11,227.08,436.95,3,3,7,0,0.0
5c1c80e0-f225-4261-9513-36e497a6dc0f,champion-1,blue,1,154.69,111.61,217.66,465.26,3,1,6,2,33.333332
5c1c80e0-f225-4261-9513-36e497a6dc0f,champion-1,orange,0,149.26001,126.28,214.06,468.13,1,3,9,1,11.111111
f76f9a2d-04c3-493f-96e8-97f8f3af02b8,champion-1,blue,0,154.47,107.64,218.68999,539.82,1,3,5,1,20.0
f76f9a2d-04c3-493f-96e8-97f8f3af02b8,champion-1,orange,1,164.07,102.85,214.53,526.45996,3,1,10,4,40.0
365738d9-d8d2-4772-95bc-fe21131fb31d,champion-1,blue,0,155.47,80.65,168.0,526.19,5,2,7,1,14.285714
365738d9-d8d2-4772-95bc-fe21131fb31d,champion-1,orange,1,145.58,135.08,212.45,425.72,2,5,9,3,33.333332
208fff2c-bc4a-4579-9c4a-692d917b7d1b,champion-1,blue,1,156.98,129.65,177.1,492.01,4,4,8,2,25.0
208fff2c-bc4a-4579-9c4a-692d917b7d1b,champion-1,orange,0,154.02,127.2,184.01,500.99,4,4,5,1,20.0
5ef98bd7-f9a8-499e-92b2-7249ac2fd535,champion-1,blue,0,152.36,169.31,256.74,463.17,3,4,4,1,25.0
5ef98bd7-f9a8-499e-92b2-7249ac2fd535,champion-1,orange,1,150.25,95.44,166.87,544.67,4,3,7,5,71.42857
ff4180f6-22e4-4106-9068-46e3520bc679,champion-1,blue,0,156.85,94.479996,287.83,502.97998,2,5,11,0,0.0
ff4180f6-22e4-4106-9068-46e3520bc679,champion-1,orange,1,140.25,158.73001,226.63,606.22,5,2,8,5,62.5
06d085e1-b29f-468e-82f9-81385fd0607c,champion-1,blue,0,137.06,128.7,232.09,455.3,2,2,7,1,14.285714
06d085e1-b29f-468e-82f9-81385fd0607c,champion-1,orange,1,144.37999,136.89,192.54001,513.19995,2,2,7,3,42.857143
0ff6b55f-9603-4187-b9c4-4ac9e5ff1f1d,champion-1,blue,0,163.03,85.04,197.70001,517.45996,0,0,5,1,20.0
0ff6b55f-9603-4187-b9c4-4ac9e5ff1f1d,champion-1,orange,1,164.38,78.98,185.52,503.04004,0,0,10,4,40.0
50179cd0-09e7-45c5-8034-da15781004ef,champion-1,blue,1,156.47,63.6,90.479996,392.93,1,1,7,3,42.857143
50179cd0-09e7-45c5-8034-da15781004ef,champion-1,orange,0,157.45001,78.91,148.67001,288.09,1,1,4,1,25.0
a0807778-898b-4e7e-8a28-ee03437e7341,champion-1,blue,1,147.84,107.630005,233.81,453.41998,0,2,8,2,25.0
a0807778-898b-4e7e-8a28-ee03437e7341,champion-1,orange,0,147.44,132.78,147.94,538.52,2,0,3,1,33.333332
d0b2d01a-12e1-4564-9637-6afed8e7f0ec,champion-1,blue,1,156.27,139.54001,251.64001,449.11002,2,4,11,4,36.363636
d0b2d01a-12e1-4564-9637-6afed8e7f0ec,champion-1,orange,0,156.18,95.67999,209.71,536.79,4,2,5,1,20.0
7df3b276-1351-4282-87ea-ef10fcc35504,champion-1,blue,1,149.78,138.23,247.08,439.42,3,1,14,3,21.428572
7df3b276-1351-4282-87ea-ef10fcc35504,champion-1,orange,0,134.04999,174.23,180.83,485.82,1,3,2,0,0.0
7ab40f44-1118-41fb-98ef-3838a06e690b,champion-1,blue,0,161.5,141.9,249.15,576.55,3,2,5,1,20.0
7ab40f44-1118-41fb-98ef-3838a06e690b,champion-1,orange,1,151.51001,181.51001,171.63998,734.29004,2,3,6,2,33.333332
f00389f5-10e4-4aae-8abd-831bee4f735b,champion-1,blue,0,161.36,126.240005,210.28,586.71,3,2,9,3,33.333332
f00389f5-10e4-4aae-8abd-831bee4f735b,champion-1,orange,1,150.66,116.47,234.32,554.97,2,3,10,4,40.0
e0caddb6-1c3f-4e2c-8b03-1d572491583b,champion-1,blue,1,131.62,120.44,196.16,610.35,1,3,6,4,66.666664
e0caddb6-1c3f-4e2c-8b03-1d572491583b,champion-1,orange,0,159.92,103.340004,261.27002,506.96997,3,1,7,2,28.571428
553705a5-ff36-4806-b47b-5b8390108460,champion-1,blue,0,164.46,115.619995,177.48999,503.72,2,3,4,2,50.0
553705a5-ff36-4806-b47b-5b8390108460,champion-1,orange,1,158.08,108.27,189.32,477.28998,3,2,7,5,71.42857
6c03be68-0830-4761-b2ba-febca76faebd,champion-1,blue,1,167.52,101.34,221.29001,540.3,3,3,7,4,57.142857
6c03be68-0830-4761-b2ba-febca76faebd,champion-1,orange,0,134.29,124.9,245.41,544.91,3,3,7,3,42.857143
f8f707f5-df77-4069-a343-edb855ae285c,champion-1,blue,0,154.72,74.14,193.01,505.35004,0,0,5,1,20.0
f8f707f5-df77-4069-a343-edb855ae285c,champion-1,orange,1,174.87,68.64,224.07,437.96002,0,0,5,2,40.0
67ffb955-d0d0-4b90-b615-fd0751493a24,champion-1,blue,1,145.55,142.92,227.42,516.94995,0,3,8,3,37.5
67ffb955-d0d0-4b90-b615-fd0751493a24,champion-1,orange,0,154.42,125.75,233.16,506.12,3,0,5,2,40.0
99afe2b2-8423-4fa1-9efa-d4b2573dd0f0,champion-1,blue,0,160.86,80.77,177.64,512.22,1,1,1,0,0.0
99afe2b2-8423-4fa1-9efa-d4b2573dd0f0,champion-1,orange,1,151.32,128.75,250.87999,407.38,1,1,6,2,33.333332
96159950-4a8a-45a9-b19f-e57db1ae1e58,champion-1,blue,1,176.67,96.83,291.93,407.94,0,2,13,4,30.76923
96159950-4a8a-45a9-b19f-e57db1ae1e58,champion-1,orange,0,155.36,96.86,127.26,635.76,2,0,5,2,40.0
12fc859e-64ae-4e47-9b9f-74d52c594479,champion-1,blue,0,157.34,108.12,158.32,670.48,0,4,5,3,60.0
12fc859e-64ae-4e47-9b9f-74d52c594479,champion-1,orange,1,159.03,100.71001,319.35,506.26,4,0,13,6,46.153847
01e0600f-b18a-4258-8a3e-dc636d1be552,champion-1,blue,1,144.87,116.86,185.11,616.61,1,4,10,5,50.0
01e0600f-b18a-4258-8a3e-dc636d1be552,champion-1,orange,0,152.73,140.02,242.05,551.4,4,1,12,4,33.333332
e8b5c11c-933b-4336-980b-807cb66806ef,champion-1,blue,1,155.33,76.53,285.69,552.5,0,3,11,6,54.545456
e8b5c11c-933b-4336-980b-807cb66806ef,champion-1,orange,0,146.38,111.049995,125.07001,665.38,3,0,7,5,71.42857
ab5fe90d-a04f-4005-aee5-db2331f05862,champion-1,blue,0,158.85,101.6,246.19,558.39,4,2,7,1,14.285714
ab5fe90d-a04f-4005-aee5-db2331f05862,champion-1,orange,1,156.61,164.31,200.8,534.20996,2,4,7,2,28.571428
1dc098ed-64b7-41eb-b24e-09eb33ccd108,champion-1,blue,0,152.78,95.93,168.94,425.25,2,3,4,1,25.0
1dc098ed-64b7-41eb-b24e-09eb33ccd108,champion-1,orange,1,172.23001,73.93,223.51,407.7,3,2,10,4,40.0
7aaa0b72-dd21-44a5-b8a2-cca1b2be73e9,champion-1,blue,1,136.27,125.66,163.19,653.76,2,1,4,3,75.0
7aaa0b72-dd21-44a5-b8a2-cca1b2be73e9,champion-1,orange,0,156.59,131.95,288.68,460.69,1,2,14,2,14.285714
6fcb68e3-8e5c-4ba0-9b85-1743d82e7748,champion-1,blue,0,185.28,115.66,227.83,495.74,4,1,5,2,40.0
6fcb68e3-8e5c-4ba0-9b85-1743d82e7748,champion-1,orange,1,159.9,69.81,206.23999,501.59998,1,4,7,3,42.857143
e14f25cf-28f6-4a20-8612-e118880bf9ec,champion-1,blue,1,155.07,79.990005,180.66,661.67004,1,2,11,8,72.72727
e14f25cf-28f6-4a20-8612-e118880bf9ec,champion-1,orange,0,132.97,168.67001,306.4,564.93,2,1,9,4,44.444443
05be5c3e-363b-40c2-a92f-745a24fdca5a,champion-1,blue,1,154.36,48.89,135.49,275.13998,2,1,6,3,50.0
05be5c3e-363b-40c2-a92f-745a24fdca5a,champion-1,orange,0,162.20001,44.38,75.100006,322.07,1,2,1,1,100.0
59b90777-90cd-402a-bf59-93adb95eaf3a,champion-1,blue,1,141.97,67.020004,105.770004,262.04,5,1,4,3,75.0
59b90777-90cd-402a-bf59-93adb95eaf3a,champion-1,orange,0,175.44,23.2,96.17,279.34998,1,5,2,0,0.0
5d603040-a43e-4456-8284-334c937a6483,champion-1,blue,0,139.15,171.59,171.29001,605.65,1,0,6,3,50.0
5d603040-a43e-4456-8284-334c937a6483,champion-1,orange,1,149.44,98.56,182.04001,599.6,0,1,8,5,62.5
a9b41a87-7fd6-4272-96ae-8070d18a2d47,champion-1,blue,0,153.14,106.54,187.10999,547.94,2,2,5,1,20.0
a9b41a87-7fd6-4272-96ae-8070d18a2d47,champion-1,orange,1,143.61,146.83,309.41,409.72998,2,2,8,3,37.5
d0b90b37-2516-40f4-83c9-146dd6135ec6,champion-1,blue,0,136.33,125.56,161.97,598.31,1,2,5,2,40.0
d0b90b37-2516-40f4-83c9-146dd6135ec6,champion-1,orange,1,157.02,102.24,345.7,358.68,2,1,11,3,27.272728
10270609-01f2-4127-b20a-d90387c29f90,champion-1,blue,0,139.28,118.350006,169.6,623.57,1,2,6,1,16.666666
10270609-01f2-4127-b20a-d90387c29f90,champion-1,orange,1,140.94,143.57,266.72,438.39,2,1,9,4,44.444443
0dc1a90a-b6de-4777-b033-14e500b516cd,champion-1,blue,0,153.94,59.2,112.74,363.78,0,2,6,1,16.666666
0dc1a90a-b6de-4777-b033-14e500b516cd,champion-1,orange,1,160.98999,57.7,134.5,356.72998,2,0,8,5,62.5
211f410f-092c-4145-99a0-5360b0fbf6f9,champion-1,blue,0,159.13,47.73,132.47,415.24,1,3,1,0,0.0
211f410f-092c-4145-99a0-5360b0fbf6f9,champion-1,orange,1,163.79001,50.829998,207.42001,268.69,3,1,14,3,21.428572
aa68b8d6-3b72-4aaa-a6a3-4dde22ed9cce,champion-1,blue,0,156.63,19.65,86.95,144.58,0,0,1,0,0.0
aa68b8d6-3b72-4aaa-a6a3-4dde22ed9cce,champion-1,orange,1,153.68,15.27,31.720001,237.41998,0,0,2,1,50.0
cda03fae-6f1a-456f-8625-1a2e0e41ca7a,champion-1,blue,0,170.18,80.350006,238.84999,651.47,1,2,5,3,60.0
cda03fae-6f1a-456f-8625-1a2e0e41ca7a,champion-1,orange,1,159.59,84.7,233.03,656.12,2,1,9,4,44.444443
1421221d-4d72-4666-be39-f800d7818dc7,champion-1,blue,0,137.83,20.029999,24.27,193.44,1,5,1,0,0.0
1421221d-4d72-4666-be39-f800d7818dc7,champion-1,orange,0,167.04001,28.580002,66.89,124.770004,5,1,1,0,0.0
a387dadd-9a8c-4e0c-833c-bcbe2095dfb9,champion-1,blue,1,157.03,105.76,209.78,576.02,3,0,6,2,33.333332
a387dadd-9a8c-4e0c-833c-bcbe2095dfb9,champion-1,orange,0,165.26,103.86,243.20999,463.99,0,3,5,1,20.0
e6b031a0-d725-448f-9ba7-a36791a794ad,champion-1,blue,0,168.70999,107.97,192.95001,513.6,5,1,7,1,14.285714
e6b031a0-d725-448f-9ba7-a36791a794ad,champion-1,orange,1,166.09,71.08,204.45999,443.30002,1,5,5,2,40.0
cbcc0903-e4ca-4298-8945-9422d109decd,champion-1,blue,0,151.53,81.11,278.33,399.91998,4,1,9,2,22.222221
cbcc0903-e4ca-4298-8945-9422d109decd,champion-1,orange,1,156.25,88.7,153.68,558.45,1,4,7,3,42.857143
634a86ff-01b5-4b9a-8958-cfef17b406af,champion-1,blue,0,171.70001,87.71,232.91,347.88,1,0,8,0,0.0
634a86ff-01b5-4b9a-8958-cfef17b406af,champion-1,orange,1,168.34,45.38,146.24,496.8,0,1,6,4,66.666664
3edfd065-cae7-465f-9c7e-41a002f29171,champion-1,blue,1,172.52,85.43,235.1,823.76996,4,3,13,3,23.076923
3edfd065-cae7-465f-9c7e-41a002f29171,champion-1,orange,0,152.56,185.01001,310.2,785.33997,3,4,9,2,22.222221
85a77461-af1b-4a75-8d90-a526436e141c,champion-1,blue,1,143.22,115.65,262.47998,395.6,1,1,15,2,13.333333
85a77461-af1b-4a75-8d90-a526436e141c,champion-1,orange,0,141.31,96.869995,188.8,545.51,1,1,6,0,0.0
eea63108-4838-4fb4-82ec-eeaabe4bdc06,champion-1,blue,0,162.79,70.2,173.66,432.08002,2,5,4,1,25.0
eea63108-4838-4fb4-82ec-eeaabe4bdc06,champion-1,orange,1,159.39,62.43,181.16,480.33002,5,2,7,4,57.142857
48a3e850-2585-444d-9984-ae75a939173b,champion-1,blue,0,153.87,69.51,166.44,512.21,3,5,4,1,25.0
48a3e850-2585-444d-9984-ae75a939173b,champion-1,orange,1,158.09,80.51,223.87001,433.43,5,3,10,2,20.0
79a5c45a-eaca-4bb6-a91f-c03b002d1919,champion-1,blue,1,126.45,144.35,177.62,571.86,3,14,11,5,45.454544
79a5c45a-eaca-4bb6-a91f-c03b002d1919,champion-1,orange,0,143.37,122.11,232.70999,516.27,14,3,9,3,33.333332
7468e5db-a2f5-4f34-90d0-cf44266e6992,grand-champion-1,blue,0,149.68,187.39,300.57,963.01,7,1,13,3,23.076923
7468e5db-a2f5-4f34-90d0-cf44266e6992,grand-champion-1,orange,1,146.84,238.6,505.59,738.54,1,7,18,4,22.222221
052e8744-ac15-456e-b32f-ae5bba452904,grand-champion-1,blue,1,145.20999,34.17,63.379997,263.11,1,4,3,3,100.0
052e8744-ac15-456e-b32f-ae5bba452904,grand-champion-1,orange,0,148.32,81.659996,132.25,177.25,4,1,4,0,0.0
5996bc83-a2d5-4649-8ff7-894d7eb701ac,grand-champion-1,blue,0,161.61,84.61,166.54001,394.77002,1,3,1,0,0.0
5996bc83-a2d5-4649-8ff7-894d7eb701ac,grand-champion-1,orange,1,143.87,104.740005,219.44,341.9,3,1,9,3,33.333332
d2300423-234f-42eb-abb1-c3ab3d8774b1,grand-champion-1,blue,1,136.85,170.23,228.47,464.78,3,3,9,2,22.222221
d2300423-234f-42eb-abb1-c3ab3d8774b1,grand-champion-1,orange,0,140.5,149.75,263.28,417.02002,3,3,6,1,16.666666
b386fda1-2a6a-44ce-ada7-cf589bd2f71b,grand-champion-1,blue,0,147.01,159.83,192.88,499.07,5,5,3,0,0.0
b386fda1-2a6a-44ce-ada7-cf589bd2f71b,grand-champion-1,orange,1,148.68,102.63,237.08,432.29,5,5,11,3,27.272728
0f4f02bf-fd55-419a-843f-aeb59fb8a5b7,grand-champion-1,blue,1,145.52,184.61,341.11,485.59998,4,4,14,4,28.571428
0f4f02bf-fd55-419a-843f-aeb59fb8a5b7,grand-champion-1,orange,0,152.55,122.2,169.62,729.91003,4,4,8,3,37.5
7ac7a0a0-79d5-4e49-b3d8-31cf05d2717f,grand-champion-1,blue,0,143.93,126.130005,169.98999,571.89996,1,3,5,2,40.0
7ac7a0a0-79d5-4e49-b3d8-31cf05d2717f,grand-champion-1,orange,1,148.7,143.95,287.77,414.15997,3,1,13,4,30.76923
6152c416-0f83-4e6e-8211-77341ad72d04,grand-champion-1,blue,0,169.23999,94.04,195.07,493.58002,4,2,8,0,0.0
6152c416-0f83-4e6e-8211-77341ad72d04,grand-champion-1,orange,1,145.86,118.16,225.34,418.75,2,4,9,2,22.222221
45883cec-bffb-4252-ba25-65cb8dbb7472,grand-champion-1,blue,0,145.32,101.5,197.85,393.11002,3,3,9,4,44.444443
45883cec-bffb-4252-ba25-65cb8dbb7472,grand-champion-1,orange,0,135.78,102.61,127.7,541.57,3,3,6,4,66.666664
03515d59-b3fb-4c81-a9bd-6e3621928694,grand-champion-1,blue,1,144.3,126.24,203.53,485.64,4,1,9,3,33.333332
03515d59-b3fb-4c81-a9bd-6e3621928694,grand-champion-1,orange,0,142.98,111.57,172.68,510.13,1,4,10,1,10.0
acf1e07b-fef1-4a8e-80d4-c5733593560e,grand-champion-1,blue,0,157.91,96.340004,243.3,486.97998,7,1,8,2,25.0
acf1e07b-fef1-4a8e-80d4-c5733593560e,grand-champion-1,orange,1,153.35999,97.65,180.90001,554.57,1,7,7,3,42.857143
f4842b36-07e0-4a73-a025-e704f05637c8,grand-champion-1,blue,0,154.81999,123.2,174.47,687.95996,4,2,5,2,40.0
f4842b36-07e0-4a73-a025-e704f05637c8,grand-champion-1,orange,1,160.16,101.86,226.48001,568.44,2,4,10,6,60.0
11ba7fb7-661a-4a32-9cfb-02c6fa450d47,grand-champion-1,blue,1,149.95,124.07,288.18,406.74002,1,2,11,4,36.363636
11ba7fb7-661a-4a32-9cfb-02c6fa450d47,grand-champion-1,orange,0,152.93001,146.67,167.65999,604.95,2,1,5,2,40.0
c3a4f2fa-b23b-436a-b886-02ddb5cfd335,grand-champion-1,blue,0,143.5,130.27,102.56,522.39,1,3,2,0,0.0
c3a4f2fa-b23b-436a-b886-02ddb5cfd335,grand-champion-1,orange,1,155.77,87.50001,281.52,269.89,3,1,9,3,33.333332
0181a52d-ae84-477d-8de3-a433b51b7fc2,grand-champion-1,blue,0,149.72,127.630005,205.20999,464.26,2,5,5,1,20.0
0181a52d-ae84-477d-8de3-a433b51b7fc2,grand-champion-1,orange,1,156.09,130.64,254.0,440.17004,5,2,8,2,25.0
7ab6e2a6-bc00-493b-b3fc-66f14d4e2c1a,grand-champion-1,blue,1,155.54001,138.62,247.06,420.58002,1,3,10,3,30.0
7ab6e2a6-bc00-493b-b3fc-66f14d4e2c1a,grand-champion-1,orange,0,142.2,114.340004,188.98001,519.7,3,1,7,2,28.571428
4e03315d-1ae5-44c7-873e-6ba1b9fc44b8,grand-champion-1,blue,0,147.19,115.22,164.84999,627.02,1,5,5,3,60.0
4e03315d-1ae5-44c7-873e-6ba1b9fc44b8,grand-champion-1,orange,1,157.95999,112.23999,263.32,533.4,5,1,15,6,40.0
94f40401-86de-4c05-98b9-862298358215,grand-champion-1,blue,0,142.67,120.6,191.97,588.42,5,8,7,3,42.857143
94f40401-86de-4c05-98b9-862298358215,grand-champion-1,orange,1,151.84,126.61,235.20999,523.14996,8,5,11,5,45.454544
a57fdf19-aa6c-4e47-8c05-18eb5fde0dc3,grand-champion-1,blue,1,153.89,186.44,334.33,583.58997,0,4,9,3,33.333332
a57fdf19-aa6c-4e47-8c05-18eb5fde0dc3,grand-champion-1,orange,0,133.29,225.15001,275.34998,661.55,4,0,13,2,15.384615
3ed1610b-4eb5-441d-bdf8-98a7b48d3754,grand-champion-1,blue,1,154.77,110.44,202.36,360.49,4,2,12,3,25.0
3ed1610b-4eb5-441d-bdf8-98a7b48d3754,grand-champion-1,orange,0,148.87,118.44,126.170006,456.57,2,4,7,0,0.0
74dd6906-f88e-428f-ad90-a00a373c028f,grand-champion-1,blue,0,155.14,116.880005,240.30002,458.24,2,3,8,2,25.0
74dd6906-f88e-428f-ad90-a00a373c028f,grand-champion-1,orange,1,155.70999,115.83,185.92,580.69,3,2,6,3,50.0
dc3dc7ea-dfde-45e4-ad70-5b7d12c651c8,grand-champion-1,blue,1,167.09,82.8,219.54001,385.91998,0,2,12,4,33.333332
dc3dc7ea-dfde-45e4-ad70-5b7d12c651c8,grand-champion-1,orange,0,151.06,67.33,169.58,512.9,2,0,4,1,25.0
3a91e215-e2c8-43f5-a5dc-ae459fa6eaa9,grand-champion-1,blue,0,147.31,151.28,198.70999,422.08002,1,4,4,0,0.0
3a91e215-e2c8-43f5-a5dc-ae459fa6eaa9,grand-champion-1,orange,1,153.41,132.74,179.14,482.65002,4,1,7,5,71.42857
0cabf832-6fb5-44a3-b264-ce7c03ccc68d,grand-champion-1,blue,1,163.9,82.009995,293.41,447.7,1,1,9,3,33.333332
0cabf832-6fb5-44a3-b264-ce7c03ccc68d,grand-champion-1,orange,0,156.47,158.85,153.09,640.19,1,1,7,2,28.571428
86a6b6cd-ea06-4199-a3f3-d514d56b895e,grand-champion-1,blue,1,152.67,135.29999,280.7,486.90002,2,3,10,4,40.0
86a6b6cd-ea06-4199-a3f3-d514d56b895e,grand-champion-1,orange,0,136.17001,219.53,234.20999,537.25,3,2,9,2,22.222221
82ca145f-dc1b-4a8b-8f83-8db70dc2c762,grand-champion-1,blue,0,143.9,169.49,226.31,471.05,2,1,6,1,16.666666
82ca145f-dc1b-4a8b-8f83-8db70dc2c762,grand-champion-1,orange,1,159.8,96.24,207.23,514.68,1,2,6,3,50.0
bf31dd46-99bf-47dc-8fb0-615dc870fb00,grand-champion-1,blue,1,158.73,119.0,228.73001,459.14996,1,2,7,2,28.571428
bf31dd46-99bf-47dc-8fb0-615dc870fb00,grand-champion-1,orange,0,156.94,107.75,238.63998,448.76,2,1,4,1,25.0
88ac2ae2-27dd-4b91-a611-70b8b5a98eeb,grand-champion-1,blue,0,137.74,191.4,162.94,510.34998,3,1,2,0,0.0
88ac2ae2-27dd-4b91-a611-70b8b5a98eeb,grand-champion-1,orange,1,152.79001,129.26,291.65,313.1,1,3,8,3,37.5
aeede470-757a-46c0-b7ca-7bab97c05ddc,grand-champion-1,blue,1,155.75,218.94,257.16,561.86,4,2,8,2,25.0
aeede470-757a-46c0-b7ca-7bab97c05ddc,grand-champion-1,orange,0,147.70999,196.13,295.72998,558.8,2,4,9,1,11.111111
b61b2268-f734-4e33-bca7-b57f7ab016d0,grand-champion-1,blue,1,147.81,106.869995,196.0,627.54004,4,0,12,5,41.666668
b61b2268-f734-4e33-bca7-b57f7ab016d0,grand-champion-1,orange,0,153.68,104.81,280.22,505.64,0,4,11,4,36.363636
b2152475-ae1a-4d39-86b3-a67b58050ccd,grand-champion-1,blue,1,154.23,89.31,220.63998,463.71002,1,2,11,4,36.363636
b2152475-ae1a-4d39-86b3-a67b58050ccd,grand-champion-1,orange,0,160.95999,77.15,187.58,516.38,2,1,8,2,25.0
1136a366-2b56-48f0-acda-a6e71ce06cdb,grand-champion-1,blue,0,164.79001,72.06,147.42,426.15997,0,1,2,0,0.0
1136a366-2b56-48f0-acda-a6e71ce06cdb,grand-champion-1,orange,1,172.73999,73.81,238.20999,338.25,1,0,10,2,20.0
679864d2-9311-4b45-bf0e-ba01e86bb377,grand-champion-1,blue,1,160.34999,97.729996,243.79999,419.24,2,2,8,3,37.5
679864d2-9311-4b45-bf0e-ba01e86bb377,grand-champion-1,orange,0,148.67001,161.22,172.64001,511.26996,2,2,2,0,0.0
46091236-8ba8-41a9-9aaf-73eafc18eaa9,grand-champion-1,blue,1,165.76001,85.729996,199.59,546.73,1,5,8,5,62.5
46091236-8ba8-41a9-9aaf-73eafc18eaa9,grand-champion-1,orange,0,153.86,90.05,247.5,478.44,5,1,8,1,12.5
0144e4c4-89ca-4bf4-b25c-0882ae7d7d06,grand-champion-1,blue,0,139.78,88.04,179.49,464.71002,3,2,6,2,33.333332
0144e4c4-89ca-4bf4-b25c-0882ae7d7d06,grand-champion-1,orange,1,157.75,79.89,176.08,446.43,2,3,7,4,57.142857
2d2e6ade-7668-48e5-b903-a8936f81cc5b,grand-champion-1,blue,0,139.78,87.880005,179.44,465.26,3,2,6,2,33.333332
2d2e6ade-7668-48e5-b903-a8936f81cc5b,grand-champion-1,orange,1,157.04999,86.12,175.76001,446.81998,2,3,7,4,57.142857
81edc748-83de-41c6-8771-130ad90595e4,grand-champion-1,blue,1,149.86,113.39,211.32,504.65997,2,1,6,1,16.666666
81edc748-83de-41c6-8771-130ad90595e4,grand-champion-1,orange,0,140.12,109.35,269.84998,408.97,1,2,8,0,0.0
8ac40c20-d166-4f8e-bd28-1af8b819b9c1,grand-champion-1,blue,0,166.83,6.2400002,49.75,114.130005,0,1,3,1,33.333332
8ac40c20-d166-4f8e-bd28-1af8b819b9c1,grand-champion-1,orange,0,158.39,12.33,27.43,89.149994,1,0,1,1,100.0
dcc24574-0db1-4dc7-b0b0-43b8a0e895d6,grand-champion-1,blue,1,142.9,88.590004,160.66,486.7,2,3,6,2,33.333332
dcc24574-0db1-4dc7-b0b0-43b8a0e895d6,grand-champion-1,orange,0,152.53,127.36,226.32,414.57,3,2,4,1,25.0
3e0e0e07-e9f7-42a3-9a7c-9611e26337ab,grand-champion-1,blue,1,143.43,88.78,160.49,487.13998,2,3,6,2,33.333332
3e0e0e07-e9f7-42a3-9a7c-9611e26337ab,grand-champion-1,orange,0,152.81,127.31,226.20999,415.07,3,2,4,1,25.0
1b09d903-6bd3-4565-94e5-c2e2815706aa,grand-champion-1,blue,0,154.59,199.73001,384.83002,842.95996,2,4,12,2,16.666666
1b09d903-6bd3-4565-94e5-c2e2815706aa,grand-champion-1,orange,1,156.16,176.99,329.69,872.68005,4,2,9,3,33.333332
5fc3d1a3-513e-4bea-a354-6543f189af42,grand-champion-1,blue,0,155.0,82.75,229.82999,562.58,2,2,8,3,37.5
5fc3d1a3-513e-4bea-a354-6543f189af42,grand-champion-1,orange,1,147.85,87.74,229.72,557.06,2,2,11,5,45.454544
26c5710b-d538-4aa6-88dd-5862227c9fec,grand-champion-1,blue,1,168.34,134.63,228.20999,467.27002,3,5,5,3,60.0
26c5710b-d538-4aa6-88dd-5862227c9fec,grand-champion-1,orange,0,148.57,143.55,232.64001,459.68,5,3,6,1,16.666666
e3c9686a-c930-4f0f-b677-19dbbc953060,grand-champion-1,blue,0,155.32,120.149994,261.54,392.55,4,3,6,1,16.666666
e3c9686a-c930-4f0f-b677-19dbbc953060,grand-champion-1,orange,1,154.21,106.399994,178.06,509.56,3,4,5,3,60.0
7c95f6be-2e6c-4061-b0f6-dc78c6318dec,grand-champion-1,blue,1,146.94,312.67,483.08002,1130.49,6,10,16,4,25.0
7c95f6be-2e6c-4061-b0f6-dc78c6318dec,grand-champion-1,orange,0,168.93,152.13,560.29,987.77,10,6,15,3,20.0
055c2fd9-e81e-4358-90a3-8fd4d44de7a7,grand-champion-1,blue,1,146.68,92.29,233.81,493.07,3,4,10,4,40.0
055c2fd9-e81e-4358-90a3-8fd4d44de7a7,grand-champion-1,orange,0,144.72,140.39,223.37,528.39,4,3,5,2,40.0
ca3d93e0-5012-44aa-bebb-ac4d33713668,grand-champion-1,blue,0,144.61,49.05,83.17,190.36,2,1,1,0,0.0
ca3d93e0-5012-44aa-bebb-ac4d33713668,grand-champion-1,orange,1,168.98,15.82,86.15,181.56,1,2,4,4,100.0
93794386-0303-4da7-a37d-254629622545,grand-champion-1,blue,1,152.86,112.16,232.54999,438.97,4,6,7,2,28.571428
93794386-0303-4da7-a37d-254629622545,grand-champion-1,orange,0,161.47,51.370003,213.18001,470.62,6,4,4,1,25.0
a3038b83-5257-4803-b036-434266f2c6bb,grand-champion-1,blue,1,155.95,98.77,198.6,514.85,4,9,5,3,60.0
a3038b83-5257-4803-b036-434266f2c6bb,grand-champion-1,orange,0,164.5,79.56,219.81999,462.64996,9,4,5,2,40.0
bb01e249-c475-4705-89a7-1ec430598cae,grand-champion-1,blue,0,145.94,171.45999,282.64,475.06,1,1,14,3,21.428572
bb01e249-c475-4705-89a7-1ec430598cae,grand-champion-1,orange,1,147.82,136.44,160.78,680.44995,1,1,10,4,40.0
edbb214d-09db-475b-8b1a-701658f57af8,grand-champion-1,blue,1,155.34,110.009995,223.0,573.36,3,3,10,4,40.0
edbb214d-09db-475b-8b1a-701658f57af8,grand-champion-1,orange,0,155.29,102.77,265.66998,515.58997,3,3,11,3,27.272728
fd9ae3c6-3b37-41b6-b7fd-72b5f621e581,grand-champion-1,blue,1,157.36002,113.43,224.96,397.72998,2,0,7,4,57.142857
fd9ae3c6-3b37-41b6-b7fd-72b5f621e581,grand-champion-1,orange,0,139.25,91.15,154.39,458.09,0,2,7,0,0.0
564db5ea-a207-46f7-b64f-038f9cfcab69,grand-champion-1,blue,1,145.42,159.44,297.52,698.08997,4,4,12,3,25.0
564db5ea-a207-46f7-b64f-038f9cfcab69,grand-champion-1,orange,0,159.43,145.39,271.03998,728.27997,4,4,10,2,20.0
f101c30d-ec03-4f1f-b507-46990d9ffd6b,grand-champion-1,blue,0,150.36,113.979996,177.95001,475.17,1,1,11,1,9.090909
f101c30d-ec03-4f1f-b507-46990d9ffd6b,grand-champion-1,orange,1,139.02,134.63,209.09,468.68,1,1,7,2,28.571428
d1bf924e-b985-494e-8389-552d2caf2c53,grand-champion-1,blue,1,143.56,176.0,331.65002,505.50998,4,1,10,6,60.0
d1bf924e-b985-494e-8389-552d2caf2c53,grand-champion-1,orange,0,162.03,132.12,203.42,683.36,1,4,4,2,50.0
c3bbcbc0-f6cf-41b7-8167-99307ce43545,grand-champion-1,blue,1,146.38,73.159996,151.06999,290.36,0,2,8,5,62.5
c3bbcbc0-f6cf-41b7-8167-99307ce43545,grand-champion-1,orange,0,142.8,73.85,128.58,346.27002,2,0,5,0,0.0
b50ad2e4-66bf-420a-b53b-4b1439806678,grand-champion-1,blue,0,140.39,178.43,309.12,626.37,3,4,10,2,20.0
b50ad2e4-66bf-420a-b53b-4b1439806678,grand-champion-1,orange,1,144.7,174.85,318.91998,636.75,4,3,9,3,33.333332
8ebffcdc-4b2f-42bb-b026-7f51fd1513bb,grand-champion-1,blue,0,154.95,106.990005,189.98001,337.39,4,2,5,0,0.0
8ebffcdc-4b2f-42bb-b026-7f51fd1513bb,grand-champion-1,orange,1,146.43,116.96,169.0,369.77002,2,4,8,3,37.5
7f8608ed-7da2-4434-b321-df6d47218756,grand-champion-1,blue,1,166.29,84.25,200.67001,391.58,2,1,7,4,57.142857
7f8608ed-7da2-4434-b321-df6d47218756,grand-champion-1,orange,0,139.91,111.71,156.11,464.81,1,2,7,1,14.285714
a890761c-f4a3-4855-8dd7-820d59ff68a8,grand-champion-1,blue,1,162.69,135.93001,294.77002,537.65,1,4,14,2,14.285714
a890761c-f4a3-4855-8dd7-820d59ff68a8,grand-champion-1,orange,0,156.73,133.6,312.81,575.04,4,1,9,1,11.111111
08a4fabb-87f2-496d-b454-816af60b3f29,grand-champion-1,blue,0,140.48999,132.6,201.97,593.93,1,2,6,2,33.333332
08a4fabb-87f2-496d-b454-816af60b3f29,grand-champion-1,orange,1,165.68,81.2,255.31999,490.4,2,1,13,5,38.46154
977b606c-87b0-4379-b73d-b4ffbd7da6fe,grand-champion-1,blue,0,135.70001,118.89,140.96,337.13998,1,3,2,1,50.0
977b606c-87b0-4379-b73d-b4ffbd7da6fe,grand-champion-1,orange,1,148.24,65.91,169.28,312.61,3,1,7,4,57.142857
9b33a5df-291a-4540-9b34-a859c30710f7,grand-champion-1,blue,0,154.05,138.79,227.33,365.81,5,0,9,0,0.0
9b33a5df-291a-4540-9b34-a859c30710f7,grand-champion-1,orange,1,160.95,55.059998,186.76999,472.34003,0,5,6,1,16.666666
6b8ac5f6-5102-4c8d-a5e3-c060f5e69c92,grand-champion-1,blue,1,149.28,132.28,276.78,391.47998,2,1,9,2,22.222221
6b8ac5f6-5102-4c8d-a5e3-c060f5e69c92,grand-champion-1,orange,0,148.94,125.0,188.6,481.63,1,2,6,0,0.0
3acbe8de-9d45-455a-90d3-0a82e1373f58,grand-champion-1,blue,1,162.66,122.229996,229.06,487.76,1,2,10,3,30.0
3acbe8de-9d45-455a-90d3-0a82e1373f58,grand-champion-1,orange,0,149.95,143.23001,183.15,527.97,2,1,4,1,25.0
76672271-a996-4b4d-8da9-c44610abad64,grand-champion-1,blue,1,139.58,102.88,235.33,406.48,2,2,11,5,45.454544
76672271-a996-4b4d-8da9-c44610abad64,grand-champion-1,orange,0,149.01,116.46001,165.62,511.99,2,2,7,1,14.285714
1a268559-db99-45d9-855b-1a61224cf354,grand-champion-1,blue,1,155.20999,95.96,178.02,270.45,3,0,4,3,75.0
1a268559-db99-45d9-855b-1a61224cf354,grand-champion-1,orange,0,154.62,57.34,101.55,328.69,0,3,3,0,0.0
0baf56be-dd81-4213-ac49-01b17ce37122,grand-champion-1,blue,1,149.05,127.03,205.51001,545.69,4,3,15,3,20.0
0baf56be-dd81-4213-ac49-01b17ce37122,grand-champion-1,orange,0,155.69,136.98,238.06,601.9,3,4,9,2,22.222221
7546cc82-5ff1-4e8c-81a6-c60c896c2949,grand-champion-1,blue,0,164.58,66.05,203.97,434.90002,2,3,5,0,0.0
7546cc82-5ff1-4e8c-81a6-c60c896c2949,grand-champion-1,orange,1,154.72,139.45,227.61,390.61,3,2,5,1,20.0
421e8af1-3415-4b50-b877-006f3d1905a2,grand-champion-1,blue,0,143.12,150.12,159.29999,555.45996,6,6,6,1,16.666666
421e8af1-3415-4b50-b877-006f3d1905a2,grand-champion-1,orange,1,152.4,102.43001,261.78,400.53,6,6,7,3,42.857143
54e0322b-0b30-4184-bddd-83ef98ed2587,grand-champion-1,blue,0,138.67,112.46,199.20999,614.97003,4,3,10,5,50.0
54e0322b-0b30-4184-bddd-83ef98ed2587,grand-champion-1,orange,1,161.44,86.39,234.37,585.39,3,4,11,6,54.545456
edb469c8-1f99-4e14-90df-bd32ca8e5ea9,grand-champion-1,blue,0,157.5,114.91,338.0,461.81,2,6,9,2,22.222221
edb469c8-1f99-4e14-90df-bd32ca8e5ea9,grand-champion-1,orange,1,141.4,169.61,230.03,662.2,6,2,8,3,37.5
16090ec1-4f4f-46db-beb0-ad622fb8b87c,grand-champion-1,blue,1,147.39,88.95,266.05,421.33997,4,1,10,4,40.0
16090ec1-4f4f-46db-beb0-ad622fb8b87c,grand-champion-1,orange,0,148.89,128.82,183.12,525.38,1,4,4,1,25.0
98382459-3ec5-4575-89e5-cd02f277c198,grand-champion-1,blue,1,151.7,123.12001,240.29999,472.85,2,3,11,2,18.181818
98382459-3ec5-4575-89e5-cd02f277c198,grand-champion-1,orange,0,148.69,160.26,235.63,497.28998,3,2,6,1,16.666666
5e0447b4-db22-43e2-8fa3-bed73f7a38eb,grand-champion-1,blue,1,165.31,98.58,253.74,415.15002,3,0,12,2,16.666666
5e0447b4-db22-43e2-8fa3-bed73f7a38eb,grand-champion-1,orange,0,159.5,85.22,205.44,493.29004,0,3,6,1,16.666666
6c91d3f4-1126-45fb-a672-ce45d4578be1,grand-champion-1,blue,1,165.26001,98.9,253.82,414.68,3,0,12,2,16.666666
6c91d3f4-1126-45fb-a672-ce45d4578be1,grand-champion-1,orange,0,159.75,85.29,205.74,493.04,0,3,6,1,16.666666
fbf98069-72bb-4e3a-83b6-c2c91d8f7d04,grand-champion-1,blue,0,139.59,96.28,108.75,425.59998,2,2,2,1,50.0
fbf98069-72bb-4e3a-83b6-c2c91d8f7d04,grand-champion-1,orange,1,146.01001,98.09,244.66998,254.92001,2,2,7,3,42.857143
b359df13-88d1-4d37-9e2c-54d2ea85e301,grand-champion-1,blue,0,153.9,191.51,381.77002,797.9,4,9,7,2,28.571428
b359df13-88d1-4d37-9e2c-54d2ea85e301,grand-champion-1,orange,1,139.81,289.21002,343.97,845.27,9,4,10,3,30.0
51257580-5736-407e-87fc-0e63e826bde3,grand-champion-1,blue,1,153.86,92.49,161.89,518.63,3,6,6,3,50.0
51257580-5736-407e-87fc-0e63e826bde3,grand-champion-1,orange,0,153.76001,100.090004,235.24002,398.84998,6,3,6,0,0.0
fd52064d-451f-4d0e-9587-09b7a430990b,grand-champion-1,blue,1,153.37,92.04,162.34,518.21,3,6,6,3,50.0
fd52064d-451f-4d0e-9587-09b7a430990b,grand-champion-1,orange,0,153.76001,100.2,235.24,398.88,6,3,6,0,0.0
033e8ec7-cf4a-4a21-b06f-18b44c2f1a01,grand-champion-1,blue,1,153.72,89.78,161.49,518.92,3,6,6,3,50.0
033e8ec7-cf4a-4a21-b06f-18b44c2f1a01,grand-champion-1,orange,0,153.58,101.009995,235.51999,397.74,6,3,6,0,0.0
88926cf1-f2c8-4e2d-bfda-9f4358c1df4b,grand-champion-1,blue,0,158.39,142.0,129.17,606.7,1,1,2,2,100.0
88926cf1-f2c8-4e2d-bfda-9f4358c1df4b,grand-champion-1,orange,1,159.13,93.70999,303.55,367.96,1,1,11,3,27.272728
ad91ec20-98a3-486b-9307-07a8efcfa227,grand-champion-1,blue,1,147.65,137.44,224.86002,527.49,3,3,6,3,50.0
ad91ec20-98a3-486b-9307-07a8efcfa227,grand-champion-1,orange,0,156.15,137.33,219.81,511.16,3,3,7,2,28.571428
f079b594-99d8-4bbb-9230-8b4f7f95633d,grand-champion-1,blue,1,147.29,67.71,144.95999,268.91998,1,4,7,2,28.571428
f079b594-99d8-4bbb-9230-8b4f7f95633d,grand-champion-1,orange,0,146.76,90.479996,112.85,315.05,4,1,4,0,0.0
4142965f-e6c6-480e-a680-735a476c1f41,grand-champion-1,blue,0,145.2,111.05,216.29999,559.83997,6,1,4,2,50.0
4142965f-e6c6-480e-a680-735a476c1f41,grand-champion-1,orange,1,133.54001,176.16,223.5,495.62,1,6,8,4,50.0
f4341b87-8763-4428-9721-e9fcbd7a46a9,grand-champion-1,blue,0,161.25,93.740005,125.79,548.33,1,2,2,1,50.0
f4341b87-8763-4428-9721-e9fcbd7a46a9,grand-champion-1,orange,1,152.23,111.71,232.39,324.47,2,1,13,3,23.076923
90f713a0-b046-40da-9a10-bd4f8dc9503a,grand-champion-1,blue,1,148.61,122.21,165.93,571.45,3,1,9,4,44.444443
90f713a0-b046-40da-9a10-bd4f8dc9503a,grand-champion-1,orange,0,142.89,189.35,225.60999,437.24,1,3,8,2,25.0
b4457ca1-37f5-4ae6-87bc-89426b99d86d,grand-champion-1,blue,1,158.82,136.31,302.32,457.71002,3,0,9,3,33.333332
b4457ca1-37f5-4ae6-87bc-89426b99d86d,grand-champion-1,orange,0,146.73,133.67,176.8,625.26,0,3,2,2,100.0
1f07dd2f-8d87-4ae8-9ee2-0a8c80f8be24,grand-champion-1,blue,1,160.73001,90.4,179.88,515.14,2,2,6,2,33.333332
1f07dd2f-8d87-4ae8-9ee2-0a8c80f8be24,grand-champion-1,orange,0,156.25,118.81,244.12,421.31,2,2,7,1,14.285714
23e64b5b-9e99-4c0f-b03a-3d270887c2c6,grand-champion-1,blue,0,135.17,157.31,234.72,467.04004,0,1,10,1,10.0
23e64b5b-9e99-4c0f-b03a-3d270887c2c6,grand-champion-1,orange,1,153.79001,106.979996,209.19998,488.65,1,0,10,2,20.0
96568c52-1b05-4bc2-9122-cba9ba528a96,grand-champion-1,blue,1,156.78,164.46,317.69,625.83,2,3,14,3,21.428572
96568c52-1b05-4bc2-9122-cba9ba528a96,grand-champion-1,orange,0,157.16,145.25,267.92,741.81,3,2,10,2,20.0
2bab6920-6c24-422d-b929-a6d5ebd0ba03,grand-champion-1,blue,1,138.03,43.649998,72.05,218.79,1,3,7,5,71.42857
2bab6920-6c24-422d-b929-a6d5ebd0ba03,grand-champion-1,orange,0,150.59,31.560001,66.75,231.68,3,1,1,0,0.0
4069d9ef-95cc-4050-8e8b-a945ecbef71f,grand-champion-1,blue,0,145.14,137.95999,181.76999,612.97003,3,3,4,2,50.0
4069d9ef-95cc-4050-8e8b-a945ecbef71f,grand-champion-1,orange,1,151.54001,103.71,298.78998,407.09998,3,3,11,3,27.272728
6a19154c-4aff-489e-9fb9-4a3ffab9e656,grand-champion-1,blue,1,160.66,105.06,365.23,519.22,6,4,9,3,33.333332
6a19154c-4aff-489e-9fb9-4a3ffab9e656,grand-champion-1,orange,0,139.06999,172.98999,211.5,689.82,4,6,9,2,22.222221
34132485-dd15-496c-8c22-52f1c233ed8a,grand-champion-1,blue,0,156.0,132.73999,264.18,614.94,1,4,7,1,14.285714
34132485-dd15-496c-8c22-52f1c233ed8a,grand-champion-1,orange,1,150.43,187.35999,265.59,584.93994,4,1,7,2,28.571428
d73c91d7-d9d2-4cea-b380-d9197d623a24,grand-champion-1,blue,1,143.69,119.14,213.29001,417.55002,2,5,8,5,62.5
d73c91d7-d9d2-4cea-b380-d9197d623a24,grand-champion-1,orange,0,166.69,87.86,171.54999,473.47,5,2,5,0,0.0
f0a9aab7-2069-488c-bcef-0a9f80dd7b01,grand-champion-1,blue,0,149.19,123.19,226.76001,413.18,0,2,4,1,25.0
f0a9aab7-2069-488c-bcef-0a9f80dd7b01,grand-champion-1,orange,1,151.88,110.84,204.13,493.58002,2,0,13,3,23.076923
20b840b8-4874-4a7f-88b4-2a76da946f52,grand-champion-1,blue,1,152.69,159.63,236.62,415.50998,7,3,7,1,14.285714
20b840b8-4874-4a7f-88b4-2a76da946f52,grand-champion-1,orange,0,149.29001,93.590004,167.56,481.67004,3,7,5,0,0.0
5a209d79-bb55-4fa2-9020-32ba70643708,grand-champion-1,blue,1,131.32,127.17,165.92,651.37,2,3,8,5,62.5
5a209d79-bb55-4fa2-9020-32ba70643708,grand-champion-1,orange,0,150.87,133.56,274.74,503.32,3,2,15,4,26.666666
231b3dc7-7354-4028-b6db-99a908d087b7,grand-champion-1,blue,0,161.90001,82.32,178.65,629.61,2,2,7,3,42.857143
231b3dc7-7354-4028-b6db-99a908d087b7,grand-champion-1,orange,1,148.97,149.31999,235.76001,495.75,2,2,11,4,36.363636
265a9dbc-6e9f-471e-bd3a-23cfc6ee8a10,supersonic-legend,blue,1,133.13,120.68,317.46,450.41998,2,1,12,4,33.333332
265a9dbc-6e9f-471e-bd3a-23cfc6ee8a10,supersonic-legend,orange,0,159.55,91.84,153.58,604.1,1,2,3,3,100.0
1b5f9118-2364-4593-a70d-f5795be108fb,supersonic-legend,blue,0,154.38,99.34,189.84,500.57,4,3,11,1,9.090909
1b5f9118-2364-4593-a70d-f5795be108fb,supersonic-legend,orange,1,139.06,105.97,250.64,406.90997,3,4,6,3,50.0
a8200470-9842-463f-9b4d-396c84c5e507,supersonic-legend,blue,0,162.03,77.66,194.18,346.15997,3,1,5,0,0.0
a8200470-9842-463f-9b4d-396c84c5e507,supersonic-legend,orange,1,153.27,75.990005,161.20999,372.86,1,3,6,2,33.333332
d40f0427-506f-4c5d-b287-23981bb09174,supersonic-legend,blue,0,145.11,166.84,281.00998,561.7,5,3,4,1,25.0
d40f0427-506f-4c5d-b287-23981bb09174,supersonic-legend,orange,1,155.48001,161.35,260.16,552.87,3,5,8,2,25.0
f70b9971-4495-4cef-bef0-8c2b4dfec690,supersonic-legend,blue,0,150.2,79.369995,264.38998,467.46002,1,2,8,2,25.0
f70b9971-4495-4cef-bef0-8c2b4dfec690,supersonic-legend,orange,1,163.91,91.72,163.2,545.75,2,1,7,3,42.857143
4d7b4d78-4fea-4fec-94ce-f756206039ff,supersonic-legend,blue,1,143.43,159.29,223.76,479.41998,2,5,7,4,57.142857
4d7b4d78-4fea-4fec-94ce-f756206039ff,supersonic-legend,orange,0,141.54001,112.700005,189.59,547.62,5,2,7,2,28.571428
a14488ce-8841-4e01-a494-ac2983e36b32,supersonic-legend,blue,0,140.88,131.51001,267.94,394.86,7,3,9,2,22.222221
a14488ce-8841-4e01-a494-ac2983e36b32,supersonic-legend,orange,1,144.39,98.53999,141.76,548.47,3,7,8,5,62.5
952061c8-38a6-4139-ab29-5d949a16be22,supersonic-legend,blue,0,148.38,119.65,236.84,478.16998,4,3,13,2,15.384615
952061c8-38a6-4139-ab29-5d949a16be22,supersonic-legend,orange,1,137.13,148.91,185.92001,566.25,3,4,9,4,44.444443
cd2c5d33-422a-4d11-b6ca-9d827c5d26fe,supersonic-legend,blue,1,152.96,95.36,191.26999,525.67004,2,1,12,5,41.666668
cd2c5d33-422a-4d11-b6ca-9d827c5d26fe,supersonic-legend,orange,0,146.17,98.42,214.28,475.59003,1,2,7,3,42.857143
966acd5a-8da8-441d-83cc-d237e6a2efee,supersonic-legend,blue,0,157.6,153.43,283.69,667.16003,2,3,9,2,22.222221
966acd5a-8da8-441d-83cc-d237e6a2efee,supersonic-legend,orange,1,158.26999,160.54001,277.18,681.65,3,2,12,3,25.0
056d801c-ca55-4c2c-b988-ed02fcb2cc6c,supersonic-legend,blue,1,155.83,70.479996,133.04001,376.3,2,1,7,4,57.142857
056d801c-ca55-4c2c-b988-ed02fcb2cc6c,supersonic-legend,orange,0,137.29001,83.21,161.98,324.99,1,2,6,1,16.666666
c3b8a690-a276-4107-9c39-dee456b8c704,supersonic-legend,blue,1,162.86,106.14,254.25002,407.22998,5,2,11,2,18.181818
c3b8a690-a276-4107-9c39-dee456b8c704,supersonic-legend,orange,0,144.64,124.49,148.83,561.9,2,5,6,1,16.666666
922dc992-e8fa-4e96-86b5-984ba64891af,supersonic-legend,blue,0,155.98001,82.229996,173.53,614.31,4,0,6,2,33.333332
922dc992-e8fa-4e96-86b5-984ba64891af,supersonic-legend,orange,1,142.94,93.87,336.5,458.61002,0,4,14,3,21.428572
1ae70181-30f8-4318-b5c8-e04016c3c369,supersonic-legend,blue,0,149.75,121.630005,287.84,467.08002,2,2,10,2,20.0
1ae70181-30f8-4318-b5c8-e04016c3c369,supersonic-legend,orange,1,149.91,161.65,253.75,516.07,2,2,10,3,30.0
3d03630e-6452-4758-9396-147f18ed4589,supersonic-legend,blue,0,156.81,99.48,347.09,352.47,3,2,9,1,11.111111
3d03630e-6452-4758-9396-147f18ed4589,supersonic-legend,orange,1,144.08,118.869995,144.62001,548.93,2,3,9,2,22.222221
b0d9e147-9aa5-40d1-80fe-605bd7647dae,supersonic-legend,blue,1,158.81,21.51,102.75,159.24,0,1,7,3,42.857143
b0d9e147-9aa5-40d1-80fe-605bd7647dae,supersonic-legend,orange,0,127.880005,90.799995,60.86,198.34,1,0,2,0,0.0
a45ee17f-b4d6-4538-97fd-3b8eca7990b3,supersonic-legend,blue,1,154.4,106.44,306.02,384.19,2,5,12,4,33.333332
a45ee17f-b4d6-4538-97fd-3b8eca7990b3,supersonic-legend,orange,0,139.01,161.83,179.41,531.28,5,2,5,2,40.0
b7458157-c5b5-43b5-8bf0-d32680c96efb,supersonic-legend,blue,1,151.51001,57.0,156.48999,264.66,1,1,5,3,60.0
b7458157-c5b5-43b5-8bf0-d32680c96efb,supersonic-legend,orange,0,144.04,80.64,113.17,330.48,1,1,5,1,20.0
697254ff-5f29-4991-880d-d6019b0869fc,supersonic-legend,blue,1,148.93,139.05,238.73001,517.95,3,2,9,4,44.444443
697254ff-5f29-4991-880d-d6019b0869fc,supersonic-legend,orange,0,154.64,142.23,252.28,479.40002,2,3,5,2,40.0
a65dcf0c-9c8b-48ac-84e1-ea3b94f9949b,supersonic-legend,blue,1,160.79999,85.81,235.24,368.46,2,2,10,4,40.0
a65dcf0c-9c8b-48ac-84e1-ea3b94f9949b,supersonic-legend,orange,0,148.54999,87.7,156.33,501.22998,2,2,3,1,33.333332
f817b573-ed5e-4d2e-90cb-de13ac420b1e,supersonic-legend,blue,0,165.62001,99.20999,239.35999,441.32,2,3,7,1,14.285714
f817b573-ed5e-4d2e-90cb-de13ac420b1e,supersonic-legend,orange,1,143.4,198.49,207.3,514.54,3,2,4,2,50.0
c457f477-cb2a-4628-9278-dcc355b8c422,supersonic-legend,blue,0,157.42,175.28,303.0,592.93,4,3,9,2,22.222221
c457f477-cb2a-4628-9278-dcc355b8c422,supersonic-legend,orange,1,143.01001,259.66,266.82,677.12,3,4,9,3,33.333332
73e1ee92-f1d1-4e9a-9c56-d6eed426977a,supersonic-legend,blue,0,143.83,117.579994,174.62,553.98,1,2,9,3,33.333332
73e1ee92-f1d1-4e9a-9c56-d6eed426977a,supersonic-legend,orange,1,145.3,133.56,238.68,483.56,2,1,9,6,66.666664
710ace09-ba07-4503-b2af-ea0b25345718,supersonic-legend,blue,1,147.63,103.31,184.93,518.13,1,3,11,3,27.272728
710ace09-ba07-4503-b2af-ea0b25345718,supersonic-legend,orange,0,141.45001,135.84999,235.98,460.43,3,1,10,2,20.0
f83fbc60-fda4-4632-8b28-f47c322c052c,supersonic-legend,blue,1,149.53,96.1,265.84,397.63,0,4,10,3,30.0
f83fbc60-fda4-4632-8b28-f47c322c052c,supersonic-legend,orange,0,147.09999,135.82,200.79001,493.27,4,0,8,2,25.0
3568d7d5-d55a-406b-be3e-d0682f1c2aaa,supersonic-legend,blue,1,141.1,122.72,284.63,470.52002,5,4,9,4,44.444443
3568d7d5-d55a-406b-be3e-d0682f1c2aaa,supersonic-legend,orange,0,132.11,143.24,175.25,592.8,4,5,6,2,33.333332
170d922a-3607-470e-82d5-a42438243fa6,supersonic-legend,blue,1,151.1,128.97,188.09001,580.08997,2,4,7,3,42.857143
170d922a-3607-470e-82d5-a42438243fa6,supersonic-legend,orange,0,149.12,149.35,261.53,438.76,4,2,11,2,18.181818
593dc54d-7336-40f9-a5ff-74b7020c0607,supersonic-legend,blue,1,150.97,101.47,293.81,484.52002,4,5,12,5,41.666668
593dc54d-7336-40f9-a5ff-74b7020c0607,supersonic-legend,orange,0,139.47,109.850006,172.95,567.15,5,4,8,3,37.5
c56ff39d-91e5-4d2f-be09-0741be2d4675,supersonic-legend,blue,1,147.01,70.72,139.41,296.41998,1,0,8,4,50.0
c56ff39d-91e5-4d2f-be09-0741be2d4675,supersonic-legend,orange,0,152.06999,54.03,119.57,322.57,0,1,5,1,20.0
510360a9-546e-4874-8cdd-6636a904720e,supersonic-legend,blue,1,142.48,111.64,243.57,468.21997,1,2,13,4,30.76923
510360a9-546e-4874-8cdd-6636a904720e,supersonic-legend,orange,0,154.74,105.79,184.25,545.86,2,1,5,3,60.0
99c9d758-1a7f-41e3-a68d-a67d7a460064,supersonic-legend,blue,0,146.95,105.23,247.57,391.41,3,4,6,0,0.0
99c9d758-1a7f-41e3-a68d-a67d7a460064,supersonic-legend,orange,1,156.18,137.15,190.33,485.08002,4,3,6,3,50.0
87eb0011-816d-4c40-b674-e1606f0dece2,supersonic-legend,blue,1,160.47,106.18,250.80002,471.62,4,4,10,3,30.0
87eb0011-816d-4c40-b674-e1606f0dece2,supersonic-legend,orange,0,139.34,172.74,170.2,586.58,4,4,6,2,33.333332
35185e92-0531-49c8-b62a-b99594bf25d0,supersonic-legend,blue,1,148.77,141.52,258.67,443.74,1,2,7,2,28.571428
35185e92-0531-49c8-b62a-b99594bf25d0,supersonic-legend,orange,0,143.41,134.5,170.88,500.0,2,1,9,1,11.111111
4de1b5f7-9ace-456a-b1ed-55943d87c94d,supersonic-legend,blue,0,144.37,155.72,291.41,698.48,4,4,16,2,12.5
4de1b5f7-9ace-456a-b1ed-55943d87c94d,supersonic-legend,orange,1,162.78,185.6,291.07,653.56,4,4,10,3,30.0
1c8aa1ae-9d7e-4a93-b3cc-985faae5b5f2,supersonic-legend,blue,1,144.74,125.619995,250.87,421.94003,3,1,9,2,22.222221
1c8aa1ae-9d7e-4a93-b3cc-985faae5b5f2,supersonic-legend,orange,0,155.39,106.03,178.98,486.30002,1,3,3,1,33.333332
19f4e490-517b-4485-b424-230296fdd53e,supersonic-legend,blue,0,141.20999,115.47,281.03,554.55005,1,3,9,4,44.444443
19f4e490-517b-4485-b424-230296fdd53e,supersonic-legend,orange,1,148.51,178.29001,202.31,682.48,3,1,8,5,62.5
5bbf26f6-f8db-4beb-9f96-683618fb8d09,supersonic-legend,blue,1,151.76001,95.600006,195.53001,396.13,0,1,10,2,20.0
5bbf26f6-f8db-4beb-9f96-683618fb8d09,supersonic-legend,orange,0,132.7,177.41,206.31,412.41998,1,0,5,0,0.0
b6ea2956-15df-47cf-a59c-3e05a54fb635,supersonic-legend,blue,0,148.84,127.09,358.82,397.77002,5,3,12,2,16.666666
b6ea2956-15df-47cf-a59c-3e05a54fb635,supersonic-legend,orange,1,139.36,162.30002,176.57,621.78,3,5,10,3,30.0
45989e38-12fa-4aee-b9f4-284683939b10,supersonic-legend,blue,1,136.72,110.03,170.35999,471.19998,1,2,5,1,20.0
45989e38-12fa-4aee-b9f4-284683939b10,supersonic-legend,orange,0,151.32,112.92,249.89,394.56,2,1,6,0,0.0
21f95240-5796-47d5-baad-0a553c6063d8,supersonic-legend,blue,1,155.33,110.56,217.47,410.05,3,3,8,3,37.5
21f95240-5796-47d5-baad-0a553c6063d8,supersonic-legend,orange,0,146.99,123.43,162.29001,494.55,3,3,7,1,14.285714
5d1b0ab1-189a-469e-9d88-e71097ace5ca,supersonic-legend,blue,1,158.11,93.21001,291.94,309.52002,5,0,10,2,20.0
5d1b0ab1-189a-469e-9d88-e71097ace5ca,supersonic-legend,orange,0,148.91,99.33,129.11,540.97003,0,5,2,0,0.0
d2e118f7-ca03-4d92-b072-ad8a1d553089,supersonic-legend,blue,0,138.36,138.16,263.82,436.49,10,7,8,2,25.0
d2e118f7-ca03-4d92-b072-ad8a1d553089,supersonic-legend,orange,1,146.58,103.619995,164.55,535.35,7,10,9,3,33.333332
60b03d2a-5774-4682-95ea-5e99bd37ce0c,supersonic-legend,blue,1,147.83,111.259995,263.06,473.77002,3,7,12,4,33.333332
60b03d2a-5774-4682-95ea-5e99bd37ce0c,supersonic-legend,orange,0,133.04001,169.59,214.01999,555.4,7,3,7,2,28.571428
a5452553-8734-4517-9013-5e929fa6de38,supersonic-legend,blue,1,145.14,135.51,304.44998,525.73,4,2,15,6,40.0
a5452553-8734-4517-9013-5e929fa6de38,supersonic-legend,orange,0,132.27,140.09,201.42,647.76996,2,4,8,4,50.0
9aa9213a-9548-4460-b5bd-ad33314ac8e3,supersonic-legend,blue,1,143.12001,125.59,234.48001,457.35,1,3,9,3,33.333332
9aa9213a-9548-4460-b5bd-ad33314ac8e3,supersonic-legend,orange,0,170.5,62.14,185.77,530.03,3,1,4,1,25.0
88e51397-c461-4ef1-9eb6-af73bcca353b,supersonic-legend,blue,0,133.09,191.54001,311.94,557.27,4,5,11,4,36.363636
88e51397-c461-4ef1-9eb6-af73bcca353b,supersonic-legend,orange,1,147.76,125.61,207.87001,641.88,5,4,12,6,50.0
e9f397d0-5b18-4936-9352-95603d73f54e,supersonic-legend,blue,1,149.28,120.31,209.02,476.86,2,2,8,5,62.5
e9f397d0-5b18-4936-9352-95603d73f54e,supersonic-legend,orange,0,146.82,122.46001,209.03,507.57996,2,2,5,3,60.0
af7cab63-d881-4454-b03e-05848f9f5ae2,supersonic-legend,blue,0,137.48999,147.39,165.84,614.57996,3,3,6,2,33.333332
af7cab63-d881-4454-b03e-05848f9f5ae2,supersonic-legend,orange,1,138.63,139.66,259.82,443.02,3,3,8,4,50.0
bc455682-e0d9-42b3-8950-0b89cb6bde61,supersonic-legend,blue,0,149.2,232.53,274.83,639.47,2,2,9,0,0.0
bc455682-e0d9-42b3-8950-0b89cb6bde61,supersonic-legend,orange,1,148.68001,151.93,345.19998,570.20996,2,2,12,1,8.333333
d886fe4e-9289-4073-8e7e-e2eed2699963,supersonic-legend,blue,1,146.81,83.4,149.9,436.04,1,7,12,4,33.333332
d886fe4e-9289-4073-8e7e-e2eed2699963,supersonic-legend,orange,0,150.61,129.01,231.11002,339.51,7,1,5,0,0.0
459214a9-20dd-404e-a042-b01ad5eabfd3,supersonic-legend,blue,0,135.82,160.2,191.43,513.67,4,6,12,2,16.666666
459214a9-20dd-404e-a042-b01ad5eabfd3,supersonic-legend,orange,1,144.51999,150.65,226.73999,472.1,6,4,13,4,30.76923
6f5c8c76-30b4-49a9-b4d6-da09e40f9b31,supersonic-legend,blue,0,147.06,123.21001,222.14001,467.02,2,3,6,1,16.666666
6f5c8c76-30b4-49a9-b4d6-da09e40f9b31,supersonic-legend,orange,1,134.44,134.57,216.75,454.9,3,2,9,3,33.333332
363d9fdf-0c01-409e-8a05-03bce8934331,supersonic-legend,blue,0,150.63,133.64,226.43001,454.68,7,4,7,1,14.285714
363d9fdf-0c01-409e-8a05-03bce8934331,supersonic-legend,orange,1,133.25,131.88,200.23001,472.51,4,7,7,2,28.571428
974d7d25-46c9-4c8d-baa0-dd5feb87300b,supersonic-legend,blue,1,140.98,133.37,286.79,498.72003,3,3,11,5,45.454544
974d7d25-46c9-4c8d-baa0-dd5feb87300b,supersonic-legend,orange,0,134.25,165.1,135.49,647.82996,3,3,5,4,80.0
143d80a9-a54a-45eb-970c-3e3a3b6360c9,supersonic-legend,blue,0,146.71,131.66,252.31999,410.71,3,8,5,1,20.0
143d80a9-a54a-45eb-970c-3e3a3b6360c9,supersonic-legend,orange,1,138.76,131.62,206.95999,470.31,8,3,8,3,37.5
c4b1567f-b19f-4d9d-9fe6-03017e2a93bf,supersonic-legend,blue,0,147.0,149.67,212.07,597.80005,3,4,6,3,50.0
c4b1567f-b19f-4d9d-9fe6-03017e2a93bf,supersonic-legend,orange,1,139.59,163.34999,252.65,525.72,4,3,13,4,30.76923
7046ee81-3e2e-4f35-800f-375e9d4ba332,supersonic-legend,blue,0,140.47,152.62,173.29999,530.97,2,8,5,0,0.0
7046ee81-3e2e-4f35-800f-375e9d4ba332,supersonic-legend,orange,1,140.37,153.09999,288.92,367.87,8,2,14,4,28.571428
0b18410c-4885-4c7d-97da-260d661d1fba,supersonic-legend,blue,1,149.4,160.59,247.53,590.45,4,2,9,3,33.333332
0b18410c-4885-4c7d-97da-260d661d1fba,supersonic-legend,orange,0,143.09,146.29,250.9,559.9,2,4,7,2,28.571428
9469adb6-0227-4a58-8c01-26935a6e6675,supersonic-legend,blue,1,146.81,169.86,194.91,520.65,4,4,7,3,42.857143
9469adb6-0227-4a58-8c01-26935a6e6675,supersonic-legend,orange,0,150.99,110.95,239.62,464.12997,4,4,5,1,20.0
914f002b-2768-4a7a-b4ff-5b364a9d8dc4,supersonic-legend,blue,0,149.43,92.08,172.47,392.93002,3,3,6,0,0.0
914f002b-2768-4a7a-b4ff-5b364a9d8dc4,supersonic-legend,orange,1,161.68001,77.380005,203.01,387.9,3,3,7,2,28.571428
65db3ce2-74ed-402a-b683-c9c05f474fee,supersonic-legend,blue,0,159.79999,101.25,220.5,538.94,5,1,3,2,66.666664
65db3ce2-74ed-402a-b683-c9c05f474fee,supersonic-legend,orange,1,146.45999,120.509995,252.65,523.31,1,5,7,6,85.71429
a10be841-c1ea-4bcd-8975-f94ed20ee8fd,supersonic-legend,blue,0,158.43,99.479996,220.09,537.81,5,1,3,2,66.666664
a10be841-c1ea-4bcd-8975-f94ed20ee8fd,supersonic-legend,orange,1,146.56,119.5,252.76001,521.79004,1,5,7,6,85.71429
e0d99463-9c96-4fca-be0a-5296f715ace8,supersonic-legend,blue,1,143.31,140.2,209.87,549.16003,4,6,7,6,85.71429
e0d99463-9c96-4fca-be0a-5296f715ace8,supersonic-legend,orange,0,152.15,95.71,253.61002,491.52997,6,4,9,3,33.333332
f8d24dcf-a21c-4526-a443-16acd5e8691f,supersonic-legend,blue,1,150.94,101.36,167.06,506.74,3,3,5,2,40.0
f8d24dcf-a21c-4526-a443-16acd5e8691f,supersonic-legend,orange,0,145.02,137.47,247.25,400.41,3,3,7,1,14.285714
6a65f60b-5117-448e-ae50-0199a97649b6,supersonic-legend,blue,0,154.08,132.04,330.92,696.51,4,10,8,2,25.0
6a65f60b-5117-448e-ae50-0199a97649b6,supersonic-legend,orange,1,148.63,179.16,272.77002,775.5,10,4,14,3,21.428572
0cd8ac4b-4504-4ed7-83f5-5b471a683ebe,supersonic-legend,blue,1,153.48,161.03,326.13998,861.18,7,2,10,2,20.0
0cd8ac4b-4504-4ed7-83f5-5b471a683ebe,supersonic-legend,orange,0,166.45,124.619995,388.03,709.09,2,7,21,1,4.7619047
c05b4fd7-62cd-4b2f-b0da-d851a03ed5ca,supersonic-legend,blue,1,152.10999,100.399994,185.56999,436.20996,5,11,8,1,12.5
c05b4fd7-62cd-4b2f-b0da-d851a03ed5ca,supersonic-legend,orange,0,140.73001,153.82,232.93,389.16,11,5,9,0,0.0
a48a21d0-c003-4082-98d4-ef068b695c8e,supersonic-legend,blue,1,147.12,128.77,197.37001,568.69,9,0,9,5,55.555557
a48a21d0-c003-4082-98d4-ef068b695c8e,supersonic-legend,orange,0,137.05,111.369995,245.95001,494.62003,0,9,11,3,27.272728
28784d8b-d566-4df7-8876-a301a5bc7632,supersonic-legend,blue,0,163.37,73.96,159.9,398.19,2,3,6,0,0.0
28784d8b-d566-4df7-8876-a301a5bc7632,supersonic-legend,orange,1,156.11,62.93,191.28,344.74,3,2,4,3,75.0
ed92f6d2-85cf-4061-a1dc-4b462fc4aa73,supersonic-legend,blue,1,154.71,77.22,199.53,511.38,5,2,10,4,40.0
ed92f6d2-85cf-4061-a1dc-4b462fc4aa73,supersonic-legend,orange,0,139.84,147.57,244.45,462.34998,2,5,5,1,20.0
bb5b7e6e-43a9-4ec2-9623-aa7edd0be706,supersonic-legend,blue,1,138.17,128.68,238.43999,430.47,3,6,14,5,35.714287
bb5b7e6e-43a9-4ec2-9623-aa7edd0be706,supersonic-legend,orange,0,152.75,118.81999,188.45999,512.47003,6,3,9,1,11.111111
170dac0d-81db-4434-81b6-c05ea6452f4e,supersonic-legend,blue,1,153.19,107.44,228.12997,345.45,5,3,13,2,15.384615
170dac0d-81db-4434-81b6-c05ea6452f4e,supersonic-legend,orange,0,143.31,183.13,184.57,441.99,3,5,2,0,0.0
bbea758c-a242-4bc0-ad7d-82e994aa3b73,supersonic-legend,blue,0,129.51999,162.48001,255.95999,477.76,3,5,11,2,18.181818
bbea758c-a242-4bc0-ad7d-82e994aa3b73,supersonic-legend,orange,1,147.72,92.42,228.21,508.12,5,3,9,3,33.333332
7a3b3e2e-8fde-433d-91e6-81b9c65d3369,supersonic-legend,blue,1,157.35,108.06,265.33,423.47998,4,1,12,2,16.666666
7a3b3e2e-8fde-433d-91e6-81b9c65d3369,supersonic-legend,orange,0,139.61,123.6,186.41998,478.83002,1,4,5,1,20.0
4d9679e3-a597-4a5a-9227-52b2fdbe1d25,supersonic-legend,blue,0,156.85,80.09,175.83,482.58,2,5,7,0,0.0
4d9679e3-a597-4a5a-9227-52b2fdbe1d25,supersonic-legend,orange,1,143.31999,112.09,240.26999,447.19,5,2,10,6,60.0
cfd787fc-5e76-45a4-aa3a-ba9e41f48dcd,supersonic-legend,blue,1,131.82,135.31,179.77,599.84,4,2,10,4,40.0
cfd787fc-5e76-45a4-aa3a-ba9e41f48dcd,supersonic-legend,orange,0,134.03,165.27,303.06,427.65,2,4,9,3,33.333332
7bdc5cca-074c-45dc-a441-d69c2e20195f,supersonic-legend,blue,0,140.94,98.2,217.67,431.32,1,3,6,2,33.333332
7bdc5cca-074c-45dc-a441-d69c2e20195f,supersonic-legend,orange,1,136.88,137.44,214.75002,509.21002,3,1,7,3,42.857143
cbe0902c-4b97-4d9f-8636-63f1f2dfd3c2,supersonic-legend,blue,1,148.34,143.32,180.11,564.3,7,3,8,3,37.5
cbe0902c-4b97-4d9f-8636-63f1f2dfd3c2,supersonic-legend,orange,0,141.72,124.229996,248.21,449.49,3,7,9,2,22.222221
19819c00-4e76-4eb5-937c-e8d5c4707974,supersonic-legend,blue,1,145.63,117.05,190.92,521.67,1,1,15,3,20.0
19819c00-4e76-4eb5-937c-e8d5c4707974,supersonic-legend,orange,0,152.49,108.490005,268.94,434.15002,1,1,8,1,12.5
1e6daacd-eb37-443e-a2fb-192e49e561f5,supersonic-legend,blue,1,152.31,160.04,225.67,565.97,3,3,7,3,42.857143
1e6daacd-eb37-443e-a2fb-192e49e561f5,supersonic-legend,orange,0,156.04999,142.63,260.53,504.1,3,3,6,2,33.333332
8e6c0ae3-08c4-4590-8c38-814ea2e2bd7a,supersonic-legend,blue,1,140.7,72.060005,191.52,186.12,1,3,8,4,50.0
8e6c0ae3-08c4-4590-8c38-814ea2e2bd7a,supersonic-legend,orange,0,132.18,76.29,40.37,372.55,3,1,1,0,0.0
430be669-72b4-4da5-8aa5-edef94a80d6d,supersonic-legend,blue,0,149.01,119.240005,208.0,476.90997,2,5,7,1,14.285714
430be669-72b4-4da5-8aa5-edef94a80d6d,supersonic-legend,orange,1,135.51999,130.23,232.53,458.09998,5,2,8,4,50.0
ab2d214c-f489-4e14-a27f-04aad32877e6,supersonic-legend,blue,0,156.39001,148.88,286.32,499.19,11,3,13,1,7.6923075
ab2d214c-f489-4e14-a27f-04aad32877e6,supersonic-legend,orange,1,145.39,166.54,241.03,603.74,3,11,8,2,25.0
68873bfb-b208-4c9b-bbaa-d29f0089aa1b,supersonic-legend,blue,1,159.20001,146.89,267.78,368.51,3,1,15,2,13.333333
68873bfb-b208-4c9b-bbaa-d29f0089aa1b,supersonic-legend,orange,0,150.52,99.979996,146.37,552.91003,1,3,7,0,0.0
6e61138f-c8b7-438d-9c20-ea84b5e446fd,supersonic-legend,blue,1,153.65999,97.06999,167.54,626.17004,3,3,5,4,80.0
6e61138f-c8b7-438d-9c20-ea84b5e446fd,supersonic-legend,orange,0,147.20999,110.89,267.26,467.5,3,3,10,3,30.0
ae70f01e-52b7-407d-a630-1d5109dc5e11,supersonic-legend,blue,1,148.78,178.43999,288.36002,777.42,4,5,14,4,28.571428
ae70f01e-52b7-407d-a630-1d5109dc5e11,supersonic-legend,orange,0,155.18,135.48001,387.81,677.37,5,4,19,3,15.789474
42adc430-8607-4018-a5dd-e10676be2dca,supersonic-legend,blue,0,150.20001,134.29001,240.79001,473.77002,0,2,10,2,20.0
42adc430-8607-4018-a5dd-e10676be2dca,supersonic-legend,orange,1,157.05,89.909996,217.19,489.46002,2,0,9,3,33.333332
17badb9f-6e5a-4e84-abd4-40985683eebe,supersonic-legend,blue,0,143.07,134.11,262.13998,513.95,7,3,7,2,28.571428
17badb9f-6e5a-4e84-abd4-40985683eebe,supersonic-legend,orange,1,153.61,110.05,200.59,630.68,3,7,7,3,42.857143
0bfbde2e-c589-40db-942c-7ea5425bec8c,supersonic-legend,blue,1,144.29,145.08,246.02,532.31,3,5,9,2,22.222221
0bfbde2e-c589-40db-942c-7ea5425bec8c,supersonic-legend,orange,0,156.0,119.45,195.28,624.57,5,3,1,1,100.0
8ea811db-bf2e-4e78-a3c6-9a869adbacf0,supersonic-legend,blue,1,144.18,150.62999,240.78,633.87,2,4,7,2,28.571428
8ea811db-bf2e-4e78-a3c6-9a869adbacf0,supersonic-legend,orange,0,162.73,112.28,311.6,583.89,4,2,10,1,10.0
fe9b8078-c091-46b4-91a3-d0c2b77752e8,supersonic-legend,blue,1,133.44,119.130005,161.03,420.88998,5,2,12,9,75.0
fe9b8078-c091-46b4-91a3-d0c2b77752e8,supersonic-legend,orange,0,127.880005,102.520004,128.72,473.47998,2,5,5,4,80.0
6af11fcf-3369-4c91-a685-8fb0e48feee7,supersonic-legend,blue,0,139.0,140.40001,188.14,370.71,3,2,4,1,25.0
6af11fcf-3369-4c91-a685-8fb0e48feee7,supersonic-legend,orange,1,143.39,95.729996,175.05,390.41998,2,3,8,4,50.0
e65b3602-2f18-4598-8d9f-c80347542785,supersonic-legend,blue,0,133.09,98.55,183.43,486.26,2,5,4,1,25.0
e65b3602-2f18-4598-8d9f-c80347542785,supersonic-legend,orange,1,146.56,134.95999,243.5,406.35,5,2,8,4,50.0
048c7387-6b76-4bb8-a93f-5327fe841112,supersonic-legend,blue,0,132.15,156.44,243.82999,503.71,3,5,7,3,42.857143
048c7387-6b76-4bb8-a93f-5327fe841112,supersonic-legend,orange,1,142.5,160.08,214.61002,514.65,5,3,5,4,80.0
f7592e95-5cc0-4eeb-883a-f75d0a4df17c,supersonic-legend,blue,1,130.74,73.979996,117.11,273.1,4,0,5,3,60.0
f7592e95-5cc0-4eeb-883a-f75d0a4df17c,supersonic-legend,orange,0,154.83,62.909996,135.93,248.27,0,4,2,0,0.0
912fd923-0d04-4c95-b662-18e192d62af2,supersonic-legend,blue,1,140.8,137.12,228.92,477.03,1,3,8,4,50.0
912fd923-0d04-4c95-b662-18e192d62af2,supersonic-legend,orange,0,126.94,146.95,220.73001,469.96002,3,1,5,2,40.0
ff15e75b-8824-435c-ab98-fc5835db5d0b,supersonic-legend,blue,0,133.98999,122.46999,243.48999,403.55,2,1,9,1,11.111111
ff15e75b-8824-435c-ab98-fc5835db5d0b,supersonic-legend,orange,1,133.34,167.53,235.66,449.46,1,2,11,2,18.181818
33c358c6-c258-4d55-a5ee-5539a4c6d383,supersonic-legend,blue,1,145.32,127.44,199.65001,447.71,5,5,6,1,16.666666
33c358c6-c258-4d55-a5ee-5539a4c6d383,supersonic-legend,orange,0,136.93,98.47,218.63998,425.83002,5,5,9,0,0.0
4e9e0e59-b556-4b10-8a58-b1c857348c53,supersonic-legend,blue,0,145.59,152.81,190.87,501.66003,3,3,4,1,25.0
4e9e0e59-b556-4b10-8a58-b1c857348c53,supersonic-legend,orange,1,159.42,67.33,221.64,455.84,3,3,10,2,20.0
69222be6-43a3-4756-82b8-e6689b0c90a4,supersonic-legend,blue,1,155.14,146.47,214.09,527.8,4,6,15,5,33.333332
69222be6-43a3-4756-82b8-e6689b0c90a4,supersonic-legend,orange,0,133.06999,153.62999,207.22,558.49,6,4,9,3,33.333332
